sku_id,equipment_name,equipment_category,location_id,location_name,week_start_date,actual_demand,naive_forecast,ma4_forecast,rf_forecast
SKU-001,Cinema Camera Body A,Camera,LOC-01,Los Angeles,2026-06-08,14,19.0,6.5,4.260043547284063
SKU-001,Cinema Camera Body A,Camera,LOC-01,Los Angeles,2026-06-15,2,14.0,10.0,4.420361969199636
SKU-001,Cinema Camera Body A,Camera,LOC-01,Los Angeles,2026-06-22,3,2.0,9.5,3.420489369096036
SKU-001,Cinema Camera Body A,Camera,LOC-01,Los Angeles,2026-06-29,2,3.0,9.5,3.4202561812919696
SKU-001,Cinema Camera Body A,Camera,LOC-01,Los Angeles,2026-07-06,5,2.0,5.25,4.6433152648616165
SKU-001,Cinema Camera Body A,Camera,LOC-01,Los Angeles,2026-07-13,5,5.0,3.0,2.218047217974103
SKU-001,Cinema Camera Body A,Camera,LOC-01,Los Angeles,2026-07-20,13,5.0,3.75,8.5824256243035
SKU-001,Cinema Camera Body A,Camera,LOC-01,Los Angeles,2026-07-27,9,13.0,6.25,1.5677994896034186
SKU-001,Cinema Camera Body A,Camera,LOC-01,Los Angeles,2026-08-03,0,9.0,8.0,0.1420526330154325
SKU-001,Cinema Camera Body A,Camera,LOC-01,Los Angeles,2026-08-10,2,0.0,6.75,1.7831492645235578
SKU-001,Cinema Camera Body A,Camera,LOC-02,Atlanta,2026-06-08,27,7.0,4.5,8.164483564985847
SKU-001,Cinema Camera Body A,Camera,LOC-02,Atlanta,2026-06-15,6,27.0,10.0,3.964333561169899
SKU-001,Cinema Camera Body A,Camera,LOC-02,Atlanta,2026-06-22,6,6.0,10.5,8.586813611507809
SKU-001,Cinema Camera Body A,Camera,LOC-02,Atlanta,2026-06-29,4,6.0,11.5,7.043703211512122
SKU-001,Cinema Camera Body A,Camera,LOC-02,Atlanta,2026-07-06,8,4.0,10.75,8.286086178228288
SKU-001,Cinema Camera Body A,Camera,LOC-02,Atlanta,2026-07-13,0,8.0,6.0,1.7636729492694294
SKU-001,Cinema Camera Body A,Camera,LOC-02,Atlanta,2026-07-20,11,0.0,4.5,7.113231096302979
SKU-001,Cinema Camera Body A,Camera,LOC-02,Atlanta,2026-07-27,7,11.0,5.75,4.650630452203112
SKU-001,Cinema Camera Body A,Camera,LOC-02,Atlanta,2026-08-03,4,7.0,6.5,4.488324649090099
SKU-001,Cinema Camera Body A,Camera,LOC-02,Atlanta,2026-08-10,2,4.0,5.5,5.772206183005252
SKU-001,Cinema Camera Body A,Camera,LOC-03,New York,2026-06-08,2,5.0,2.0,1.9729844450822904
SKU-001,Cinema Camera Body A,Camera,LOC-03,New York,2026-06-15,6,2.0,1.75,4.365299040747916
SKU-001,Cinema Camera Body A,Camera,LOC-03,New York,2026-06-22,3,6.0,3.25,2.4674600557054767
SKU-001,Cinema Camera Body A,Camera,LOC-03,New York,2026-06-29,11,3.0,4.0,7.940648076393948
SKU-001,Cinema Camera Body A,Camera,LOC-03,New York,2026-07-06,8,11.0,5.5,6.248021118530966
SKU-001,Cinema Camera Body A,Camera,LOC-03,New York,2026-07-13,0,8.0,7.0,1.9620799305718848
SKU-001,Cinema Camera Body A,Camera,LOC-03,New York,2026-07-20,1,0.0,5.5,1.9452898010543225
SKU-001,Cinema Camera Body A,Camera,LOC-03,New York,2026-07-27,0,1.0,5.0,0.1117213820758733
SKU-001,Cinema Camera Body A,Camera,LOC-03,New York,2026-08-03,1,0.0,2.25,1.7664517277379768
SKU-001,Cinema Camera Body A,Camera,LOC-03,New York,2026-08-10,1,1.0,0.5,2.0604059185269974
SKU-001,Cinema Camera Body A,Camera,LOC-04,New Orleans,2026-06-08,10,0.0,2.25,6.457523446477434
SKU-001,Cinema Camera Body A,Camera,LOC-04,New Orleans,2026-06-15,8,10.0,4.5,8.379167060001826
SKU-001,Cinema Camera Body A,Camera,LOC-04,New Orleans,2026-06-22,3,8.0,4.75,4.21351966430406
SKU-001,Cinema Camera Body A,Camera,LOC-04,New Orleans,2026-06-29,0,3.0,5.25,0.1043689211163948
SKU-001,Cinema Camera Body A,Camera,LOC-04,New Orleans,2026-07-06,6,0.0,5.25,7.62316992466697
SKU-001,Cinema Camera Body A,Camera,LOC-04,New Orleans,2026-07-13,0,6.0,4.25,1.7903499156406568
SKU-001,Cinema Camera Body A,Camera,LOC-04,New Orleans,2026-07-20,4,0.0,2.25,2.955874147552068
SKU-001,Cinema Camera Body A,Camera,LOC-04,New Orleans,2026-07-27,3,4.0,2.5,2.848301786025188
SKU-001,Cinema Camera Body A,Camera,LOC-04,New Orleans,2026-08-03,4,3.0,3.25,2.86136729543921
SKU-001,Cinema Camera Body A,Camera,LOC-04,New Orleans,2026-08-10,3,4.0,2.75,2.264607803326967
SKU-002,Cinema Camera Body B,Camera,LOC-01,Los Angeles,2026-06-08,5,4.0,2.5,1.637916816105072
SKU-002,Cinema Camera Body B,Camera,LOC-01,Los Angeles,2026-06-15,2,5.0,3.75,1.9086665639766656
SKU-002,Cinema Camera Body B,Camera,LOC-01,Los Angeles,2026-06-22,0,2.0,4.0,0.937345208870197
SKU-002,Cinema Camera Body B,Camera,LOC-01,Los Angeles,2026-06-29,0,0.0,2.75,0.9016183302808034
SKU-002,Cinema Camera Body B,Camera,LOC-01,Los Angeles,2026-07-06,1,0.0,1.75,1.4340007974491145
SKU-002,Cinema Camera Body B,Camera,LOC-01,Los Angeles,2026-07-13,2,1.0,0.75,0.8518221446007398
SKU-002,Cinema Camera Body B,Camera,LOC-01,Los Angeles,2026-07-20,6,2.0,0.75,3.175158526537006
SKU-002,Cinema Camera Body B,Camera,LOC-01,Los Angeles,2026-07-27,0,6.0,2.25,0.7497380750604746
SKU-002,Cinema Camera Body B,Camera,LOC-01,Los Angeles,2026-08-03,0,0.0,2.25,0.0539213265268153
SKU-002,Cinema Camera Body B,Camera,LOC-01,Los Angeles,2026-08-10,1,0.0,2.0,0.7350498648933922
SKU-002,Cinema Camera Body B,Camera,LOC-02,Atlanta,2026-06-08,2,2.0,1.0,3.748815320037832
SKU-002,Cinema Camera Body B,Camera,LOC-02,Atlanta,2026-06-15,6,2.0,1.5,1.2995459262544662
SKU-002,Cinema Camera Body B,Camera,LOC-02,Atlanta,2026-06-22,2,6.0,3.0,2.8741643161343995
SKU-002,Cinema Camera Body B,Camera,LOC-02,Atlanta,2026-06-29,2,2.0,3.0,1.3190719647656042
SKU-002,Cinema Camera Body B,Camera,LOC-02,Atlanta,2026-07-06,3,2.0,3.0,3.0621955004255903
SKU-002,Cinema Camera Body B,Camera,LOC-02,Atlanta,2026-07-13,1,3.0,3.25,0.7456342065635255
SKU-002,Cinema Camera Body B,Camera,LOC-02,Atlanta,2026-07-20,4,1.0,2.0,3.0202544914290264
SKU-002,Cinema Camera Body B,Camera,LOC-02,Atlanta,2026-07-27,1,4.0,2.5,1.430897016608199
SKU-002,Cinema Camera Body B,Camera,LOC-02,Atlanta,2026-08-03,0,1.0,2.25,1.345283106361456
SKU-002,Cinema Camera Body B,Camera,LOC-02,Atlanta,2026-08-10,3,0.0,1.5,1.6443170222360746
SKU-002,Cinema Camera Body B,Camera,LOC-03,New York,2026-06-08,1,3.0,1.5,0.7636091181397973
SKU-002,Cinema Camera Body B,Camera,LOC-03,New York,2026-06-15,3,1.0,1.5,1.4847279082358695
SKU-002,Cinema Camera Body B,Camera,LOC-03,New York,2026-06-22,1,3.0,2.25,0.983103679833722
SKU-002,Cinema Camera Body B,Camera,LOC-03,New York,2026-06-29,0,1.0,2.0,2.7307011259473057
SKU-002,Cinema Camera Body B,Camera,LOC-03,New York,2026-07-06,1,0.0,1.25,1.6447051305253275
SKU-002,Cinema Camera Body B,Camera,LOC-03,New York,2026-07-13,3,1.0,1.25,0.70384932077977
SKU-002,Cinema Camera Body B,Camera,LOC-03,New York,2026-07-20,2,3.0,1.25,0.7078956794738593
SKU-002,Cinema Camera Body B,Camera,LOC-03,New York,2026-07-27,0,2.0,1.5,0.0369025444508346
SKU-002,Cinema Camera Body B,Camera,LOC-03,New York,2026-08-03,1,0.0,1.5,0.6896229314064325
SKU-002,Cinema Camera Body B,Camera,LOC-03,New York,2026-08-10,1,1.0,1.5,0.6558575719198779
SKU-002,Cinema Camera Body B,Camera,LOC-04,New Orleans,2026-06-08,2,0.0,1.75,2.9752989317873544
SKU-002,Cinema Camera Body B,Camera,LOC-04,New Orleans,2026-06-15,2,2.0,2.0,2.8714668403643637
SKU-002,Cinema Camera Body B,Camera,LOC-04,New Orleans,2026-06-22,0,2.0,1.25,1.4293020603532
SKU-002,Cinema Camera Body B,Camera,LOC-04,New Orleans,2026-06-29,0,0.0,1.0,0.0250307865343823
SKU-002,Cinema Camera Body B,Camera,LOC-04,New Orleans,2026-07-06,3,0.0,1.0,3.231691427577573
SKU-002,Cinema Camera Body B,Camera,LOC-04,New Orleans,2026-07-13,0,3.0,1.25,0.7142837401155977
SKU-002,Cinema Camera Body B,Camera,LOC-04,New Orleans,2026-07-20,2,0.0,0.75,1.1977125463339602
SKU-002,Cinema Camera Body B,Camera,LOC-04,New Orleans,2026-07-27,1,2.0,1.25,1.3698328184800344
SKU-002,Cinema Camera Body B,Camera,LOC-04,New Orleans,2026-08-03,0,1.0,1.5,1.2297372665393298
SKU-002,Cinema Camera Body B,Camera,LOC-04,New Orleans,2026-08-10,1,0.0,0.75,1.5324124254872
SKU-003,Cinema Camera Body C,Camera,LOC-01,Los Angeles,2026-06-08,9,6.0,3.75,3.239831698235132
SKU-003,Cinema Camera Body C,Camera,LOC-01,Los Angeles,2026-06-15,5,9.0,6.0,3.3873655885555984
SKU-003,Cinema Camera Body C,Camera,LOC-01,Los Angeles,2026-06-22,1,5.0,6.5,2.262062180586986
SKU-003,Cinema Camera Body C,Camera,LOC-01,Los Angeles,2026-06-29,1,1.0,5.25,1.6760134803561302
SKU-003,Cinema Camera Body C,Camera,LOC-01,Los Angeles,2026-07-06,5,1.0,4.0,3.3401455788475154
SKU-003,Cinema Camera Body C,Camera,LOC-01,Los Angeles,2026-07-13,2,5.0,3.0,1.382121942887512
SKU-003,Cinema Camera Body C,Camera,LOC-01,Los Angeles,2026-07-20,13,2.0,2.25,5.471718200964014
SKU-003,Cinema Camera Body C,Camera,LOC-01,Los Angeles,2026-07-27,1,13.0,5.25,1.2364583603661208
SKU-003,Cinema Camera Body C,Camera,LOC-01,Los Angeles,2026-08-03,0,1.0,5.25,0.1442606318443654
SKU-003,Cinema Camera Body C,Camera,LOC-01,Los Angeles,2026-08-10,4,0.0,4.0,1.709484888913521
SKU-003,Cinema Camera Body C,Camera,LOC-02,Atlanta,2026-06-08,3,3.0,1.75,6.80444691521358
SKU-003,Cinema Camera Body C,Camera,LOC-02,Atlanta,2026-06-15,4,3.0,2.25,2.919382020713872
SKU-003,Cinema Camera Body C,Camera,LOC-02,Atlanta,2026-06-22,4,4.0,3.0,5.349432306139565
SKU-003,Cinema Camera Body C,Camera,LOC-02,Atlanta,2026-06-29,5,4.0,3.5,3.3743792417191467
SKU-003,Cinema Camera Body C,Camera,LOC-02,Atlanta,2026-07-06,8,5.0,4.0,5.453654264103932
SKU-003,Cinema Camera Body C,Camera,LOC-02,Atlanta,2026-07-13,3,8.0,5.25,1.2841425308281058
SKU-003,Cinema Camera Body C,Camera,LOC-02,Atlanta,2026-07-20,7,3.0,5.0,5.399468643202565
SKU-003,Cinema Camera Body C,Camera,LOC-02,Atlanta,2026-07-27,2,7.0,5.75,3.799255658777439
SKU-003,Cinema Camera Body C,Camera,LOC-02,Atlanta,2026-08-03,6,2.0,5.0,3.3098696862910844
SKU-003,Cinema Camera Body C,Camera,LOC-02,Atlanta,2026-08-10,4,6.0,4.5,3.7430354155933774
SKU-003,Cinema Camera Body C,Camera,LOC-03,New York,2026-06-08,1,3.0,1.75,1.278900408012429
SKU-003,Cinema Camera Body C,Camera,LOC-03,New York,2026-06-15,5,1.0,1.5,3.554223800664883
SKU-003,Cinema Camera Body C,Camera,LOC-03,New York,2026-06-22,0,5.0,2.25,2.1154920811093767
SKU-003,Cinema Camera Body C,Camera,LOC-03,New York,2026-06-29,6,0.0,2.25,5.109511771941538
SKU-003,Cinema Camera Body C,Camera,LOC-03,New York,2026-07-06,4,6.0,3.0,3.093035106708245
SKU-003,Cinema Camera Body C,Camera,LOC-03,New York,2026-07-13,0,4.0,3.75,1.1772868002346977
SKU-003,Cinema Camera Body C,Camera,LOC-03,New York,2026-07-20,2,0.0,2.5,1.2674229527752758
SKU-003,Cinema Camera Body C,Camera,LOC-03,New York,2026-07-27,0,2.0,3.0,0.14023668318331
SKU-003,Cinema Camera Body C,Camera,LOC-03,New York,2026-08-03,0,0.0,1.5,1.4350457850391334
SKU-003,Cinema Camera Body C,Camera,LOC-03,New York,2026-08-10,1,0.0,0.5,1.695676506013994
SKU-003,Cinema Camera Body C,Camera,LOC-04,New Orleans,2026-06-08,4,0.0,1.75,4.6896842824014575
SKU-003,Cinema Camera Body C,Camera,LOC-04,New Orleans,2026-06-15,4,4.0,2.25,6.058395909077799
SKU-003,Cinema Camera Body C,Camera,LOC-04,New Orleans,2026-06-22,1,4.0,2.5,2.5135017353475364
SKU-003,Cinema Camera Body C,Camera,LOC-04,New Orleans,2026-06-29,1,1.0,2.25,0.0806317717411949
SKU-003,Cinema Camera Body C,Camera,LOC-04,New Orleans,2026-07-06,3,1.0,2.5,5.583322099176536
SKU-003,Cinema Camera Body C,Camera,LOC-04,New Orleans,2026-07-13,0,3.0,2.25,1.183155073990935
SKU-003,Cinema Camera Body C,Camera,LOC-04,New Orleans,2026-07-20,3,0.0,1.25,1.712277352597626
SKU-003,Cinema Camera Body C,Camera,LOC-04,New Orleans,2026-07-27,3,3.0,1.75,2.400112837108314
SKU-003,Cinema Camera Body C,Camera,LOC-04,New Orleans,2026-08-03,0,3.0,2.25,2.2249095757109765
SKU-003,Cinema Camera Body C,Camera,LOC-04,New Orleans,2026-08-10,4,0.0,1.5,2.066140162873378
SKU-004,Documentary Camera Body A,Camera,LOC-01,Los Angeles,2026-06-08,11,11.0,7.25,4.193718622776023
SKU-004,Documentary Camera Body A,Camera,LOC-01,Los Angeles,2026-06-15,3,11.0,9.25,4.354000119386103
SKU-004,Documentary Camera Body A,Camera,LOC-01,Los Angeles,2026-06-22,7,3.0,8.5,3.5706541542459247
SKU-004,Documentary Camera Body A,Camera,LOC-01,Los Angeles,2026-06-29,3,7.0,8.0,2.831232114048659
SKU-004,Documentary Camera Body A,Camera,LOC-01,Los Angeles,2026-07-06,4,3.0,6.0,5.483393678001529
SKU-004,Documentary Camera Body A,Camera,LOC-01,Los Angeles,2026-07-13,6,4.0,4.25,2.475770473987404
SKU-004,Documentary Camera Body A,Camera,LOC-01,Los Angeles,2026-07-20,20,6.0,5.0,9.348511447075465
SKU-004,Documentary Camera Body A,Camera,LOC-01,Los Angeles,2026-07-27,2,20.0,8.25,1.6322695260187148
SKU-004,Documentary Camera Body A,Camera,LOC-01,Los Angeles,2026-08-03,1,2.0,8.0,0.3618725476149458
SKU-004,Documentary Camera Body A,Camera,LOC-01,Los Angeles,2026-08-10,3,1.0,7.25,2.433417785600581
SKU-004,Documentary Camera Body A,Camera,LOC-02,Atlanta,2026-06-08,6,6.0,3.0,8.948984207997382
SKU-004,Documentary Camera Body A,Camera,LOC-02,Atlanta,2026-06-15,7,6.0,3.75,4.0574027874947625
SKU-004,Documentary Camera Body A,Camera,LOC-02,Atlanta,2026-06-22,11,7.0,5.0,8.660332877394792
SKU-004,Documentary Camera Body A,Camera,LOC-02,Atlanta,2026-06-29,4,11.0,7.5,6.494462376915765
SKU-004,Documentary Camera Body A,Camera,LOC-02,Atlanta,2026-07-06,11,4.0,7.0,8.820709254322255
SKU-004,Documentary Camera Body A,Camera,LOC-02,Atlanta,2026-07-13,3,11.0,8.25,1.9558108043111015
SKU-004,Documentary Camera Body A,Camera,LOC-02,Atlanta,2026-07-20,4,3.0,7.25,9.16487055177979
SKU-004,Documentary Camera Body A,Camera,LOC-02,Atlanta,2026-07-27,7,4.0,5.5,6.732016751966287
SKU-004,Documentary Camera Body A,Camera,LOC-02,Atlanta,2026-08-03,2,7.0,6.25,4.848997281722513
SKU-004,Documentary Camera Body A,Camera,LOC-02,Atlanta,2026-08-10,3,2.0,4.0,4.63242352672913
SKU-004,Documentary Camera Body A,Camera,LOC-03,New York,2026-06-08,4,4.0,3.25,2.126486341215616
SKU-004,Documentary Camera Body A,Camera,LOC-03,New York,2026-06-15,5,4.0,2.75,3.8597961282215194
SKU-004,Documentary Camera Body A,Camera,LOC-03,New York,2026-06-22,2,5.0,3.5,2.328602813336656
SKU-004,Documentary Camera Body A,Camera,LOC-03,New York,2026-06-29,9,2.0,3.75,8.367427709344279
SKU-004,Documentary Camera Body A,Camera,LOC-03,New York,2026-07-06,6,9.0,5.0,6.172027441843587
SKU-004,Documentary Camera Body A,Camera,LOC-03,New York,2026-07-13,5,6.0,5.5,2.1053983575779145
SKU-004,Documentary Camera Body A,Camera,LOC-03,New York,2026-07-20,0,5.0,5.5,1.96940820847356
SKU-004,Documentary Camera Body A,Camera,LOC-03,New York,2026-07-27,0,0.0,5.0,0.0824176012377465
SKU-004,Documentary Camera Body A,Camera,LOC-03,New York,2026-08-03,1,0.0,2.75,1.917186721001046
SKU-004,Documentary Camera Body A,Camera,LOC-03,New York,2026-08-10,3,1.0,1.5,2.058363365348411
SKU-004,Documentary Camera Body A,Camera,LOC-04,New Orleans,2026-06-08,10,0.0,2.5,7.001928120167892
SKU-004,Documentary Camera Body A,Camera,LOC-04,New Orleans,2026-06-15,5,10.0,4.0,8.967063657813519
SKU-004,Documentary Camera Body A,Camera,LOC-04,New Orleans,2026-06-22,1,5.0,3.75,4.818473185097949
SKU-004,Documentary Camera Body A,Camera,LOC-04,New Orleans,2026-06-29,0,1.0,4.0,0.0810706996321394
SKU-004,Documentary Camera Body A,Camera,LOC-04,New Orleans,2026-07-06,4,0.0,4.0,7.9799554251355485
SKU-004,Documentary Camera Body A,Camera,LOC-04,New Orleans,2026-07-13,2,4.0,2.5,2.003900604656176
SKU-004,Documentary Camera Body A,Camera,LOC-04,New Orleans,2026-07-20,6,2.0,1.75,3.060052046177578
SKU-004,Documentary Camera Body A,Camera,LOC-04,New Orleans,2026-07-27,8,6.0,3.0,2.712554920453036
SKU-004,Documentary Camera Body A,Camera,LOC-04,New Orleans,2026-08-03,2,8.0,5.0,2.69504415394506
SKU-004,Documentary Camera Body A,Camera,LOC-04,New Orleans,2026-08-10,4,2.0,4.5,2.5197082270621527
SKU-005,Documentary Camera Body B,Camera,LOC-01,Los Angeles,2026-06-08,7,14.0,5.75,4.123708034186564
SKU-005,Documentary Camera Body B,Camera,LOC-01,Los Angeles,2026-06-15,1,7.0,7.25,4.307045297901891
SKU-005,Documentary Camera Body B,Camera,LOC-01,Los Angeles,2026-06-22,0,1.0,7.0,3.167976119549155
SKU-005,Documentary Camera Body B,Camera,LOC-01,Los Angeles,2026-06-29,9,0.0,5.5,3.4662295725980057
SKU-005,Documentary Camera Body B,Camera,LOC-01,Los Angeles,2026-07-06,2,9.0,4.25,4.525708115041649
SKU-005,Documentary Camera Body B,Camera,LOC-01,Los Angeles,2026-07-13,1,2.0,3.0,2.4696579618365786
SKU-005,Documentary Camera Body B,Camera,LOC-01,Los Angeles,2026-07-20,14,1.0,3.0,6.936436145814708
SKU-005,Documentary Camera Body B,Camera,LOC-01,Los Angeles,2026-07-27,1,14.0,6.5,1.892728935428112
SKU-005,Documentary Camera Body B,Camera,LOC-01,Los Angeles,2026-08-03,0,1.0,4.5,0.1107764557955418
SKU-005,Documentary Camera Body B,Camera,LOC-01,Los Angeles,2026-08-10,0,0.0,4.0,1.8885513854891824
SKU-005,Documentary Camera Body B,Camera,LOC-02,Atlanta,2026-06-08,0,4.0,3.25,7.485754095935027
SKU-005,Documentary Camera Body B,Camera,LOC-02,Atlanta,2026-06-15,5,0.0,2.75,4.2835311027342975
SKU-005,Documentary Camera Body B,Camera,LOC-02,Atlanta,2026-06-22,9,5.0,3.5,7.305821173685968
SKU-005,Documentary Camera Body B,Camera,LOC-02,Atlanta,2026-06-29,9,9.0,4.5,4.373578169332071
SKU-005,Documentary Camera Body B,Camera,LOC-02,Atlanta,2026-07-06,15,9.0,5.75,7.978158790660595
SKU-005,Documentary Camera Body B,Camera,LOC-02,Atlanta,2026-07-13,2,15.0,9.5,1.7530674435515536
SKU-005,Documentary Camera Body B,Camera,LOC-02,Atlanta,2026-07-20,11,2.0,8.75,7.353417094873632
SKU-005,Documentary Camera Body B,Camera,LOC-02,Atlanta,2026-07-27,3,11.0,9.25,5.045888553653056
SKU-005,Documentary Camera Body B,Camera,LOC-02,Atlanta,2026-08-03,3,3.0,7.75,4.285438794479184
SKU-005,Documentary Camera Body B,Camera,LOC-02,Atlanta,2026-08-10,6,3.0,4.75,5.456990800483583
SKU-005,Documentary Camera Body B,Camera,LOC-03,New York,2026-06-08,0,3.0,1.5,1.9598713412620812
SKU-005,Documentary Camera Body B,Camera,LOC-03,New York,2026-06-15,11,0.0,0.75,5.159055355461813
SKU-005,Documentary Camera Body B,Camera,LOC-03,New York,2026-06-22,1,11.0,3.5,2.904904684898563
SKU-005,Documentary Camera Body B,Camera,LOC-03,New York,2026-06-29,10,1.0,3.75,6.919839679470864
SKU-005,Documentary Camera Body B,Camera,LOC-03,New York,2026-07-06,1,10.0,5.5,5.200257836347199
SKU-005,Documentary Camera Body B,Camera,LOC-03,New York,2026-07-13,2,1.0,5.75,1.876047090746389
SKU-005,Documentary Camera Body B,Camera,LOC-03,New York,2026-07-20,1,2.0,3.5,1.8621399338837128
SKU-005,Documentary Camera Body B,Camera,LOC-03,New York,2026-07-27,0,1.0,3.5,0.0596218604827599
SKU-005,Documentary Camera Body B,Camera,LOC-03,New York,2026-08-03,1,0.0,1.0,1.721871231083467
SKU-005,Documentary Camera Body B,Camera,LOC-03,New York,2026-08-10,3,1.0,1.0,2.0337158752291145
SKU-005,Documentary Camera Body B,Camera,LOC-04,New Orleans,2026-06-08,10,0.0,2.0,6.566001867495386
SKU-005,Documentary Camera Body B,Camera,LOC-04,New Orleans,2026-06-15,2,10.0,4.25,8.467282036732563
SKU-005,Documentary Camera Body B,Camera,LOC-04,New Orleans,2026-06-22,3,2.0,3.0,4.47173790755947
SKU-005,Documentary Camera Body B,Camera,LOC-04,New Orleans,2026-06-29,0,3.0,3.75,0.0890961616292709
SKU-005,Documentary Camera Body B,Camera,LOC-04,New Orleans,2026-07-06,7,0.0,3.75,7.18079577732637
SKU-005,Documentary Camera Body B,Camera,LOC-04,New Orleans,2026-07-13,3,7.0,3.0,1.584822745731217
SKU-005,Documentary Camera Body B,Camera,LOC-04,New Orleans,2026-07-20,6,3.0,3.25,2.645230952393278
SKU-005,Documentary Camera Body B,Camera,LOC-04,New Orleans,2026-07-27,2,6.0,4.0,2.745578999714329
SKU-005,Documentary Camera Body B,Camera,LOC-04,New Orleans,2026-08-03,1,2.0,4.5,2.852636773915178
SKU-005,Documentary Camera Body B,Camera,LOC-04,New Orleans,2026-08-10,3,1.0,3.0,2.523166639409286
SKU-006,Broadcast Camera Body A,Camera,LOC-01,Los Angeles,2026-06-08,2,4.0,3.5,2.4516079351442315
SKU-006,Broadcast Camera Body A,Camera,LOC-01,Los Angeles,2026-06-15,1,2.0,3.75,2.106090270872151
SKU-006,Broadcast Camera Body A,Camera,LOC-01,Los Angeles,2026-06-22,0,1.0,2.75,0.8842641644048105
SKU-006,Broadcast Camera Body A,Camera,LOC-01,Los Angeles,2026-06-29,2,0.0,1.75,0.8982884751922413
SKU-006,Broadcast Camera Body A,Camera,LOC-01,Los Angeles,2026-07-06,0,2.0,1.25,1.8844014710460888
SKU-006,Broadcast Camera Body A,Camera,LOC-01,Los Angeles,2026-07-13,5,0.0,0.75,0.9461040707092732
SKU-006,Broadcast Camera Body A,Camera,LOC-01,Los Angeles,2026-07-20,47,5.0,1.75,3.24352329129656
SKU-006,Broadcast Camera Body A,Camera,LOC-01,Los Angeles,2026-07-27,0,47.0,13.5,1.0291688787977085
SKU-006,Broadcast Camera Body A,Camera,LOC-01,Los Angeles,2026-08-03,0,0.0,13.0,0.5634212790063214
SKU-006,Broadcast Camera Body A,Camera,LOC-01,Los Angeles,2026-08-10,0,0.0,13.0,0.9290446919820424
SKU-006,Broadcast Camera Body A,Camera,LOC-02,Atlanta,2026-06-08,1,3.0,1.5,3.748985783199644
SKU-006,Broadcast Camera Body A,Camera,LOC-02,Atlanta,2026-06-15,1,1.0,1.5,2.202780055082453
SKU-006,Broadcast Camera Body A,Camera,LOC-02,Atlanta,2026-06-22,6,1.0,1.75,3.148973208190008
SKU-006,Broadcast Camera Body A,Camera,LOC-02,Atlanta,2026-06-29,2,6.0,2.75,2.021201583963089
SKU-006,Broadcast Camera Body A,Camera,LOC-02,Atlanta,2026-07-06,5,2.0,2.5,3.004914061226976
SKU-006,Broadcast Camera Body A,Camera,LOC-02,Atlanta,2026-07-13,0,5.0,3.5,0.7490968987399864
SKU-006,Broadcast Camera Body A,Camera,LOC-02,Atlanta,2026-07-20,8,0.0,3.25,2.9097994145599646
SKU-006,Broadcast Camera Body A,Camera,LOC-02,Atlanta,2026-07-27,4,8.0,3.75,2.229895391178764
SKU-006,Broadcast Camera Body A,Camera,LOC-02,Atlanta,2026-08-03,0,4.0,4.25,2.458875673458889
SKU-006,Broadcast Camera Body A,Camera,LOC-02,Atlanta,2026-08-10,2,0.0,3.0,2.3423649986002046
SKU-006,Broadcast Camera Body A,Camera,LOC-03,New York,2026-06-08,0,1.0,0.5,0.8278445592390049
SKU-006,Broadcast Camera Body A,Camera,LOC-03,New York,2026-06-15,3,0.0,0.5,2.730709591484399
SKU-006,Broadcast Camera Body A,Camera,LOC-03,New York,2026-06-22,0,3.0,1.0,1.053036044681627
SKU-006,Broadcast Camera Body A,Camera,LOC-03,New York,2026-06-29,32,0.0,1.0,3.3570861432297203
SKU-006,Broadcast Camera Body A,Camera,LOC-03,New York,2026-07-06,2,32.0,8.75,2.384131215758769
SKU-006,Broadcast Camera Body A,Camera,LOC-03,New York,2026-07-13,0,2.0,9.25,2.121963249570093
SKU-006,Broadcast Camera Body A,Camera,LOC-03,New York,2026-07-20,0,0.0,8.5,0.7940014956094531
SKU-006,Broadcast Camera Body A,Camera,LOC-03,New York,2026-07-27,0,0.0,8.5,0.2151991665946524
SKU-006,Broadcast Camera Body A,Camera,LOC-03,New York,2026-08-03,2,0.0,0.5,0.7802170671586707
SKU-006,Broadcast Camera Body A,Camera,LOC-03,New York,2026-08-10,1,2.0,0.5,0.7842829820707722
SKU-006,Broadcast Camera Body A,Camera,LOC-04,New Orleans,2026-06-08,1,0.0,1.0,3.093676080952231
SKU-006,Broadcast Camera Body A,Camera,LOC-04,New Orleans,2026-06-15,1,1.0,1.0,3.224382550657614
SKU-006,Broadcast Camera Body A,Camera,LOC-04,New Orleans,2026-06-22,3,1.0,0.5,2.2528674104945723
SKU-006,Broadcast Camera Body A,Camera,LOC-04,New Orleans,2026-06-29,0,3.0,1.25,0.0466165397982301
SKU-006,Broadcast Camera Body A,Camera,LOC-04,New Orleans,2026-07-06,3,0.0,1.25,3.0351425481118444
SKU-006,Broadcast Camera Body A,Camera,LOC-04,New Orleans,2026-07-13,0,3.0,1.75,0.7569956593697339
SKU-006,Broadcast Camera Body A,Camera,LOC-04,New Orleans,2026-07-20,0,0.0,1.5,1.8098327698825645
SKU-006,Broadcast Camera Body A,Camera,LOC-04,New Orleans,2026-07-27,2,0.0,0.75,1.82050817334379
SKU-006,Broadcast Camera Body A,Camera,LOC-04,New Orleans,2026-08-03,1,2.0,1.25,1.6945050446924603
SKU-006,Broadcast Camera Body A,Camera,LOC-04,New Orleans,2026-08-10,2,1.0,0.75,2.5093789546900807
SKU-007,Compact Cinema Camera A,Camera,LOC-01,Los Angeles,2026-06-08,6,10.0,3.25,2.583630894124414
SKU-007,Compact Cinema Camera A,Camera,LOC-01,Los Angeles,2026-06-15,3,6.0,4.75,2.922154050707731
SKU-007,Compact Cinema Camera A,Camera,LOC-01,Los Angeles,2026-06-22,2,3.0,5.25,2.33367355505968
SKU-007,Compact Cinema Camera A,Camera,LOC-01,Los Angeles,2026-06-29,0,2.0,5.25,1.7300200951823492
SKU-007,Compact Cinema Camera A,Camera,LOC-01,Los Angeles,2026-07-06,1,0.0,2.75,2.882434258252665
SKU-007,Compact Cinema Camera A,Camera,LOC-01,Los Angeles,2026-07-13,2,1.0,1.5,1.337391948552323
SKU-007,Compact Cinema Camera A,Camera,LOC-01,Los Angeles,2026-07-20,7,2.0,1.25,7.647309380356192
SKU-007,Compact Cinema Camera A,Camera,LOC-01,Los Angeles,2026-07-27,0,7.0,2.5,1.1657234081956749
SKU-007,Compact Cinema Camera A,Camera,LOC-01,Los Angeles,2026-08-03,0,0.0,2.5,0.1056209932968616
SKU-007,Compact Cinema Camera A,Camera,LOC-01,Los Angeles,2026-08-10,2,0.0,2.25,1.7521265336136054
SKU-007,Compact Cinema Camera A,Camera,LOC-02,Atlanta,2026-06-08,2,2.0,1.5,6.899178931077123
SKU-007,Compact Cinema Camera A,Camera,LOC-02,Atlanta,2026-06-15,6,2.0,1.5,2.584109499877583
SKU-007,Compact Cinema Camera A,Camera,LOC-02,Atlanta,2026-06-22,7,6.0,2.75,5.229916407218493
SKU-007,Compact Cinema Camera A,Camera,LOC-02,Atlanta,2026-06-29,9,7.0,4.25,2.8777937439245265
SKU-007,Compact Cinema Camera A,Camera,LOC-02,Atlanta,2026-07-06,10,9.0,6.0,5.047476926469155
SKU-007,Compact Cinema Camera A,Camera,LOC-02,Atlanta,2026-07-13,3,10.0,8.0,1.6648400267067631
SKU-007,Compact Cinema Camera A,Camera,LOC-02,Atlanta,2026-07-20,9,3.0,7.25,5.192724062602943
SKU-007,Compact Cinema Camera A,Camera,LOC-02,Atlanta,2026-07-27,3,9.0,7.75,3.398118358675552
SKU-007,Compact Cinema Camera A,Camera,LOC-02,Atlanta,2026-08-03,1,3.0,6.25,3.277819781628131
SKU-007,Compact Cinema Camera A,Camera,LOC-02,Atlanta,2026-08-10,1,1.0,4.0,3.3664909729734256
SKU-007,Compact Cinema Camera A,Camera,LOC-03,New York,2026-06-08,2,2.0,1.25,1.177893465796118
SKU-007,Compact Cinema Camera A,Camera,LOC-03,New York,2026-06-15,6,2.0,1.5,2.9189295213029927
SKU-007,Compact Cinema Camera A,Camera,LOC-03,New York,2026-06-22,1,6.0,2.75,1.846040287891292
SKU-007,Compact Cinema Camera A,Camera,LOC-03,New York,2026-06-29,3,1.0,2.75,5.090114789490661
SKU-007,Compact Cinema Camera A,Camera,LOC-03,New York,2026-07-06,4,3.0,3.0,2.694470624616914
SKU-007,Compact Cinema Camera A,Camera,LOC-03,New York,2026-07-13,4,4.0,3.5,1.1440299299903196
SKU-007,Compact Cinema Camera A,Camera,LOC-03,New York,2026-07-20,1,4.0,3.0,1.1810349361598491
SKU-007,Compact Cinema Camera A,Camera,LOC-03,New York,2026-07-27,0,1.0,3.0,0.059355522686182
SKU-007,Compact Cinema Camera A,Camera,LOC-03,New York,2026-08-03,0,0.0,2.25,1.5974730071679195
SKU-007,Compact Cinema Camera A,Camera,LOC-03,New York,2026-08-10,2,0.0,1.25,1.6651442157242635
SKU-007,Compact Cinema Camera A,Camera,LOC-04,New Orleans,2026-06-08,6,0.0,3.25,4.197706072037613
SKU-007,Compact Cinema Camera A,Camera,LOC-04,New Orleans,2026-06-15,4,6.0,4.25,5.731693755389463
SKU-007,Compact Cinema Camera A,Camera,LOC-04,New Orleans,2026-06-22,2,4.0,3.0,2.7037281024226583
SKU-007,Compact Cinema Camera A,Camera,LOC-04,New Orleans,2026-06-29,0,2.0,3.0,0.0835048536012371
SKU-007,Compact Cinema Camera A,Camera,LOC-04,New Orleans,2026-07-06,9,0.0,3.0,4.609746431091536
SKU-007,Compact Cinema Camera A,Camera,LOC-04,New Orleans,2026-07-13,0,9.0,3.75,1.174262276943879
SKU-007,Compact Cinema Camera A,Camera,LOC-04,New Orleans,2026-07-20,2,0.0,2.75,2.3647767137545426
SKU-007,Compact Cinema Camera A,Camera,LOC-04,New Orleans,2026-07-27,8,2.0,2.75,2.807985693406504
SKU-007,Compact Cinema Camera A,Camera,LOC-04,New Orleans,2026-08-03,3,8.0,4.75,2.407287636594414
SKU-007,Compact Cinema Camera A,Camera,LOC-04,New Orleans,2026-08-10,4,3.0,3.25,2.9303168493696887
SKU-008,Compact Cinema Camera B,Camera,LOC-01,Los Angeles,2026-06-08,2,13.0,4.25,3.14289861887344
SKU-008,Compact Cinema Camera B,Camera,LOC-01,Los Angeles,2026-06-15,1,2.0,4.75,3.234033157432269
SKU-008,Compact Cinema Camera B,Camera,LOC-01,Los Angeles,2026-06-22,1,1.0,4.5,2.272369710330784
SKU-008,Compact Cinema Camera B,Camera,LOC-01,Los Angeles,2026-06-29,2,1.0,4.25,2.655333103835212
SKU-008,Compact Cinema Camera B,Camera,LOC-01,Los Angeles,2026-07-06,1,2.0,1.5,3.475072185052645
SKU-008,Compact Cinema Camera B,Camera,LOC-01,Los Angeles,2026-07-13,4,1.0,1.25,1.7898967821844831
SKU-008,Compact Cinema Camera B,Camera,LOC-01,Los Angeles,2026-07-20,18,4.0,2.0,6.269486288484212
SKU-008,Compact Cinema Camera B,Camera,LOC-01,Los Angeles,2026-07-27,0,18.0,6.25,1.2806806478183654
SKU-008,Compact Cinema Camera B,Camera,LOC-01,Los Angeles,2026-08-03,0,0.0,5.75,0.2630070738689827
SKU-008,Compact Cinema Camera B,Camera,LOC-01,Los Angeles,2026-08-10,1,0.0,5.5,2.0564011815072827
SKU-008,Compact Cinema Camera B,Camera,LOC-02,Atlanta,2026-06-08,2,6.0,3.25,7.320665158466912
SKU-008,Compact Cinema Camera B,Camera,LOC-02,Atlanta,2026-06-15,2,2.0,3.25,2.9342602915713054
SKU-008,Compact Cinema Camera B,Camera,LOC-02,Atlanta,2026-06-22,3,2.0,3.5,5.435510668514176
SKU-008,Compact Cinema Camera B,Camera,LOC-02,Atlanta,2026-06-29,8,3.0,3.25,3.1675083485217383
SKU-008,Compact Cinema Camera B,Camera,LOC-02,Atlanta,2026-07-06,3,8.0,3.75,6.054488271499351
SKU-008,Compact Cinema Camera B,Camera,LOC-02,Atlanta,2026-07-13,0,3.0,4.0,1.2957311323676175
SKU-008,Compact Cinema Camera B,Camera,LOC-02,Atlanta,2026-07-20,3,0.0,3.5,5.329900070024439
SKU-008,Compact Cinema Camera B,Camera,LOC-02,Atlanta,2026-07-27,3,3.0,3.5,2.920640106897004
SKU-008,Compact Cinema Camera B,Camera,LOC-02,Atlanta,2026-08-03,3,3.0,2.25,3.159515759220558
SKU-008,Compact Cinema Camera B,Camera,LOC-02,Atlanta,2026-08-10,2,3.0,2.25,3.3426096760717523
SKU-008,Compact Cinema Camera B,Camera,LOC-03,New York,2026-06-08,1,3.0,2.0,1.4760545713009157
SKU-008,Compact Cinema Camera B,Camera,LOC-03,New York,2026-06-15,4,1.0,1.75,3.5493263804980955
SKU-008,Compact Cinema Camera B,Camera,LOC-03,New York,2026-06-22,0,4.0,2.25,2.3653658568784888
SKU-008,Compact Cinema Camera B,Camera,LOC-03,New York,2026-06-29,5,0.0,2.0,5.547715993621614
SKU-008,Compact Cinema Camera B,Camera,LOC-03,New York,2026-07-06,2,5.0,2.5,3.204975966618129
SKU-008,Compact Cinema Camera B,Camera,LOC-03,New York,2026-07-13,3,2.0,2.75,1.250301814797509
SKU-008,Compact Cinema Camera B,Camera,LOC-03,New York,2026-07-20,1,3.0,2.5,1.463447827567281
SKU-008,Compact Cinema Camera B,Camera,LOC-03,New York,2026-07-27,0,1.0,2.75,0.0661633909239673
SKU-008,Compact Cinema Camera B,Camera,LOC-03,New York,2026-08-03,3,0.0,1.5,1.4746760881439138
SKU-008,Compact Cinema Camera B,Camera,LOC-03,New York,2026-08-10,1,3.0,1.75,1.6452774726419046
SKU-008,Compact Cinema Camera B,Camera,LOC-04,New Orleans,2026-06-08,9,0.0,2.75,5.674541916315475
SKU-008,Compact Cinema Camera B,Camera,LOC-04,New Orleans,2026-06-15,2,9.0,3.75,6.282360271052276
SKU-008,Compact Cinema Camera B,Camera,LOC-04,New Orleans,2026-06-22,1,2.0,3.25,2.840050551527353
SKU-008,Compact Cinema Camera B,Camera,LOC-04,New Orleans,2026-06-29,0,1.0,3.0,0.191340825200664
SKU-008,Compact Cinema Camera B,Camera,LOC-04,New Orleans,2026-07-06,3,0.0,3.0,6.0652923888597305
SKU-008,Compact Cinema Camera B,Camera,LOC-04,New Orleans,2026-07-13,2,3.0,1.5,1.295051718203389
SKU-008,Compact Cinema Camera B,Camera,LOC-04,New Orleans,2026-07-20,2,2.0,1.5,2.283747773813173
SKU-008,Compact Cinema Camera B,Camera,LOC-04,New Orleans,2026-07-27,1,2.0,1.75,2.542944251216334
SKU-008,Compact Cinema Camera B,Camera,LOC-04,New Orleans,2026-08-03,1,1.0,2.0,2.1505800667008006
SKU-008,Compact Cinema Camera B,Camera,LOC-04,New Orleans,2026-08-10,3,1.0,1.5,2.301972555426516
SKU-009,Large Format Camera A,Camera,LOC-01,Los Angeles,2026-06-08,14,7.0,4.75,4.55397002337982
SKU-009,Large Format Camera A,Camera,LOC-01,Los Angeles,2026-06-15,6,14.0,7.5,4.144266072105548
SKU-009,Large Format Camera A,Camera,LOC-01,Los Angeles,2026-06-22,4,6.0,7.5,2.9713927335223334
SKU-009,Large Format Camera A,Camera,LOC-01,Los Angeles,2026-06-29,4,4.0,7.75,2.897193571421531
SKU-009,Large Format Camera A,Camera,LOC-01,Los Angeles,2026-07-06,3,4.0,7.0,5.060829152639649
SKU-009,Large Format Camera A,Camera,LOC-01,Los Angeles,2026-07-13,10,3.0,4.25,2.2316321707816016
SKU-009,Large Format Camera A,Camera,LOC-01,Los Angeles,2026-07-20,17,10.0,5.25,7.565286557259224
SKU-009,Large Format Camera A,Camera,LOC-01,Los Angeles,2026-07-27,1,17.0,8.5,1.6496583077325873
SKU-009,Large Format Camera A,Camera,LOC-01,Los Angeles,2026-08-03,0,1.0,7.75,0.2046235068322756
SKU-009,Large Format Camera A,Camera,LOC-01,Los Angeles,2026-08-10,1,0.0,7.0,2.088954486805104
SKU-009,Large Format Camera A,Camera,LOC-02,Atlanta,2026-06-08,5,7.0,4.0,7.959156114011368
SKU-009,Large Format Camera A,Camera,LOC-02,Atlanta,2026-06-15,21,5.0,4.5,4.027881484236857
SKU-009,Large Format Camera A,Camera,LOC-02,Atlanta,2026-06-22,11,21.0,8.75,8.046805933975202
SKU-009,Large Format Camera A,Camera,LOC-02,Atlanta,2026-06-29,9,11.0,11.0,5.896067847472255
SKU-009,Large Format Camera A,Camera,LOC-02,Atlanta,2026-07-06,9,9.0,11.5,11.187964353539565
SKU-009,Large Format Camera A,Camera,LOC-02,Atlanta,2026-07-13,3,9.0,12.5,1.903894641856153
SKU-009,Large Format Camera A,Camera,LOC-02,Atlanta,2026-07-20,3,3.0,8.0,6.694060872944408
SKU-009,Large Format Camera A,Camera,LOC-02,Atlanta,2026-07-27,7,3.0,6.0,4.420938032901405
SKU-009,Large Format Camera A,Camera,LOC-02,Atlanta,2026-08-03,1,7.0,5.5,4.649575530674535
SKU-009,Large Format Camera A,Camera,LOC-02,Atlanta,2026-08-10,2,1.0,3.5,4.377200365265508
SKU-009,Large Format Camera A,Camera,LOC-03,New York,2026-06-08,0,5.0,6.0,2.0863190986712707
SKU-009,Large Format Camera A,Camera,LOC-03,New York,2026-06-15,7,0.0,5.25,3.631558887201895
SKU-009,Large Format Camera A,Camera,LOC-03,New York,2026-06-22,2,7.0,6.5,2.7717860727922488
SKU-009,Large Format Camera A,Camera,LOC-03,New York,2026-06-29,8,2.0,3.5,6.733943277277806
SKU-009,Large Format Camera A,Camera,LOC-03,New York,2026-07-06,3,8.0,4.25,5.15069824926911
SKU-009,Large Format Camera A,Camera,LOC-03,New York,2026-07-13,3,3.0,5.0,1.6562618502812674
SKU-009,Large Format Camera A,Camera,LOC-03,New York,2026-07-20,1,3.0,4.0,1.850557639171771
SKU-009,Large Format Camera A,Camera,LOC-03,New York,2026-07-27,0,1.0,3.75,0.1109732534235581
SKU-009,Large Format Camera A,Camera,LOC-03,New York,2026-08-03,2,0.0,1.75,1.660314226039223
SKU-009,Large Format Camera A,Camera,LOC-03,New York,2026-08-10,2,2.0,1.5,2.021225260225867
SKU-009,Large Format Camera A,Camera,LOC-04,New Orleans,2026-06-08,3,1.0,4.0,6.608025001678275
SKU-009,Large Format Camera A,Camera,LOC-04,New Orleans,2026-06-15,9,3.0,3.25,6.844452625473667
SKU-009,Large Format Camera A,Camera,LOC-04,New Orleans,2026-06-22,3,9.0,3.5,3.412016818179846
SKU-009,Large Format Camera A,Camera,LOC-04,New Orleans,2026-06-29,0,3.0,4.0,0.0641633334381856
SKU-009,Large Format Camera A,Camera,LOC-04,New Orleans,2026-07-06,13,0.0,3.75,6.952835520955873
SKU-009,Large Format Camera A,Camera,LOC-04,New Orleans,2026-07-13,1,13.0,6.25,1.7775068765120745
SKU-009,Large Format Camera A,Camera,LOC-04,New Orleans,2026-07-20,2,1.0,4.25,2.2927221174487924
SKU-009,Large Format Camera A,Camera,LOC-04,New Orleans,2026-07-27,2,2.0,4.0,5.055291879910726
SKU-009,Large Format Camera A,Camera,LOC-04,New Orleans,2026-08-03,0,2.0,4.5,2.744630683086443
SKU-009,Large Format Camera A,Camera,LOC-04,New Orleans,2026-08-10,1,0.0,1.25,1.9011253482796544
SKU-010,Large Format Camera B,Camera,LOC-01,Los Angeles,2026-06-08,5,15.0,6.0,4.015398797382592
SKU-010,Large Format Camera B,Camera,LOC-01,Los Angeles,2026-06-15,4,5.0,7.0,4.101100884622451
SKU-010,Large Format Camera B,Camera,LOC-01,Los Angeles,2026-06-22,3,4.0,7.5,2.993563318753283
SKU-010,Large Format Camera B,Camera,LOC-01,Los Angeles,2026-06-29,0,3.0,6.75,2.742849306338714
SKU-010,Large Format Camera B,Camera,LOC-01,Los Angeles,2026-07-06,4,0.0,3.0,6.533015906013454
SKU-010,Large Format Camera B,Camera,LOC-01,Los Angeles,2026-07-13,5,4.0,2.75,2.3262107001704835
SKU-010,Large Format Camera B,Camera,LOC-01,Los Angeles,2026-07-20,15,5.0,3.0,8.965624891437779
SKU-010,Large Format Camera B,Camera,LOC-01,Los Angeles,2026-07-27,1,15.0,6.0,1.4501949702764336
SKU-010,Large Format Camera B,Camera,LOC-01,Los Angeles,2026-08-03,0,1.0,6.25,0.1024439078981702
SKU-010,Large Format Camera B,Camera,LOC-01,Los Angeles,2026-08-10,1,0.0,5.25,2.036560772242355
SKU-010,Large Format Camera B,Camera,LOC-02,Atlanta,2026-06-08,4,3.0,2.75,7.484778731470349
SKU-010,Large Format Camera B,Camera,LOC-02,Atlanta,2026-06-15,26,4.0,3.0,4.032009197399776
SKU-010,Large Format Camera B,Camera,LOC-02,Atlanta,2026-06-22,5,26.0,9.0,8.491347550951213
SKU-010,Large Format Camera B,Camera,LOC-02,Atlanta,2026-06-29,6,5.0,9.5,6.248638713607481
SKU-010,Large Format Camera B,Camera,LOC-02,Atlanta,2026-07-06,11,6.0,10.25,12.457903154826122
SKU-010,Large Format Camera B,Camera,LOC-02,Atlanta,2026-07-13,2,11.0,12.0,1.6092310592351275
SKU-010,Large Format Camera B,Camera,LOC-02,Atlanta,2026-07-20,6,2.0,6.0,7.174159632312224
SKU-010,Large Format Camera B,Camera,LOC-02,Atlanta,2026-07-27,3,6.0,6.25,5.72637637265966
SKU-010,Large Format Camera B,Camera,LOC-02,Atlanta,2026-08-03,8,3.0,5.5,4.382069773153134
SKU-010,Large Format Camera B,Camera,LOC-02,Atlanta,2026-08-10,1,8.0,4.75,4.777264019742496
SKU-010,Large Format Camera B,Camera,LOC-03,New York,2026-06-08,1,1.0,2.5,2.0227921039492824
SKU-010,Large Format Camera B,Camera,LOC-03,New York,2026-06-15,9,1.0,1.75,3.9483677819449854
SKU-010,Large Format Camera B,Camera,LOC-03,New York,2026-06-22,2,9.0,3.25,2.8062351881684924
SKU-010,Large Format Camera B,Camera,LOC-03,New York,2026-06-29,5,2.0,3.25,7.006967916732748
SKU-010,Large Format Camera B,Camera,LOC-03,New York,2026-07-06,4,5.0,4.25,5.7713910400905775
SKU-010,Large Format Camera B,Camera,LOC-03,New York,2026-07-13,6,4.0,5.0,1.6603437649678636
SKU-010,Large Format Camera B,Camera,LOC-03,New York,2026-07-20,0,6.0,4.25,1.8988319726806056
SKU-010,Large Format Camera B,Camera,LOC-03,New York,2026-07-27,0,0.0,3.75,0.0608210799306302
SKU-010,Large Format Camera B,Camera,LOC-03,New York,2026-08-03,2,0.0,2.5,1.705523867711063
SKU-010,Large Format Camera B,Camera,LOC-03,New York,2026-08-10,0,2.0,2.0,2.0199205409745344
SKU-010,Large Format Camera B,Camera,LOC-04,New Orleans,2026-06-08,21,0.0,2.25,6.565424574977207
SKU-010,Large Format Camera B,Camera,LOC-04,New Orleans,2026-06-15,8,21.0,7.25,8.815483569998733
SKU-010,Large Format Camera B,Camera,LOC-04,New Orleans,2026-06-22,10,8.0,7.25,4.3858695229493625
SKU-010,Large Format Camera B,Camera,LOC-04,New Orleans,2026-06-29,0,10.0,9.75,0.196632971001057
SKU-010,Large Format Camera B,Camera,LOC-04,New Orleans,2026-07-06,14,0.0,9.75,7.7676916683529535
SKU-010,Large Format Camera B,Camera,LOC-04,New Orleans,2026-07-13,3,14.0,8.0,1.7617622873194023
SKU-010,Large Format Camera B,Camera,LOC-04,New Orleans,2026-07-20,2,3.0,6.75,3.216234295906733
SKU-010,Large Format Camera B,Camera,LOC-04,New Orleans,2026-07-27,5,2.0,4.75,5.818390156732506
SKU-010,Large Format Camera B,Camera,LOC-04,New Orleans,2026-08-03,5,5.0,6.0,2.774107960450133
SKU-010,Large Format Camera B,Camera,LOC-04,New Orleans,2026-08-10,1,5.0,3.75,2.954140451794931
SKU-011,Prime Lens Set A (18-100mm),Lens,LOC-01,Los Angeles,2026-06-08,3,5.0,3.0,2.549370829225878
SKU-011,Prime Lens Set A (18-100mm),Lens,LOC-01,Los Angeles,2026-06-15,0,3.0,3.75,2.1212823289702523
SKU-011,Prime Lens Set A (18-100mm),Lens,LOC-01,Los Angeles,2026-06-22,1,0.0,3.25,1.5905501431170737
SKU-011,Prime Lens Set A (18-100mm),Lens,LOC-01,Los Angeles,2026-06-29,4,1.0,2.25,1.3064513169940808
SKU-011,Prime Lens Set A (18-100mm),Lens,LOC-01,Los Angeles,2026-07-06,1,4.0,2.0,2.4699644130036664
SKU-011,Prime Lens Set A (18-100mm),Lens,LOC-01,Los Angeles,2026-07-13,4,1.0,1.5,1.1147827547255449
SKU-011,Prime Lens Set A (18-100mm),Lens,LOC-01,Los Angeles,2026-07-20,3,4.0,2.5,3.2147891447842896
SKU-011,Prime Lens Set A (18-100mm),Lens,LOC-01,Los Angeles,2026-07-27,1,3.0,3.0,1.0192375027821798
SKU-011,Prime Lens Set A (18-100mm),Lens,LOC-01,Los Angeles,2026-08-03,0,1.0,2.25,0.2413112080897157
SKU-011,Prime Lens Set A (18-100mm),Lens,LOC-01,Los Angeles,2026-08-10,0,0.0,2.0,1.6495973837730624
SKU-011,Prime Lens Set A (18-100mm),Lens,LOC-02,Atlanta,2026-06-08,1,1.0,2.25,3.706629157279739
SKU-011,Prime Lens Set A (18-100mm),Lens,LOC-02,Atlanta,2026-06-15,4,1.0,1.75,2.082772376213901
SKU-011,Prime Lens Set A (18-100mm),Lens,LOC-02,Atlanta,2026-06-22,3,4.0,2.0,3.833923636009224
SKU-011,Prime Lens Set A (18-100mm),Lens,LOC-02,Atlanta,2026-06-29,3,3.0,2.25,2.1228718672252938
SKU-011,Prime Lens Set A (18-100mm),Lens,LOC-02,Atlanta,2026-07-06,5,3.0,2.75,3.510957012727127
SKU-011,Prime Lens Set A (18-100mm),Lens,LOC-02,Atlanta,2026-07-13,0,5.0,3.75,1.0952827014221265
SKU-011,Prime Lens Set A (18-100mm),Lens,LOC-02,Atlanta,2026-07-20,4,0.0,2.75,3.407089562528035
SKU-011,Prime Lens Set A (18-100mm),Lens,LOC-02,Atlanta,2026-07-27,5,4.0,3.0,2.2217198947663968
SKU-011,Prime Lens Set A (18-100mm),Lens,LOC-02,Atlanta,2026-08-03,1,5.0,3.5,2.7743600790778027
SKU-011,Prime Lens Set A (18-100mm),Lens,LOC-02,Atlanta,2026-08-10,1,1.0,2.5,2.620466669096629
SKU-011,Prime Lens Set A (18-100mm),Lens,LOC-03,New York,2026-06-08,1,2.0,1.5,1.0935822610229582
SKU-011,Prime Lens Set A (18-100mm),Lens,LOC-03,New York,2026-06-15,4,1.0,1.0,2.26587040304034
SKU-011,Prime Lens Set A (18-100mm),Lens,LOC-03,New York,2026-06-22,1,4.0,1.75,1.4593548789631416
SKU-011,Prime Lens Set A (18-100mm),Lens,LOC-03,New York,2026-06-29,5,1.0,2.0,3.498788846344326
SKU-011,Prime Lens Set A (18-100mm),Lens,LOC-03,New York,2026-07-06,2,5.0,2.75,2.4569200090405943
SKU-011,Prime Lens Set A (18-100mm),Lens,LOC-03,New York,2026-07-13,1,2.0,3.0,1.0924118492916577
SKU-011,Prime Lens Set A (18-100mm),Lens,LOC-03,New York,2026-07-20,1,1.0,2.25,1.1193030059276454
SKU-011,Prime Lens Set A (18-100mm),Lens,LOC-03,New York,2026-07-27,0,1.0,2.25,0.0624263723022788
SKU-011,Prime Lens Set A (18-100mm),Lens,LOC-03,New York,2026-08-03,2,0.0,1.0,1.965798416933971
SKU-011,Prime Lens Set A (18-100mm),Lens,LOC-03,New York,2026-08-10,2,2.0,1.0,2.347233908293907
SKU-011,Prime Lens Set A (18-100mm),Lens,LOC-04,New Orleans,2026-06-08,4,0.0,2.25,2.946234324227857
SKU-011,Prime Lens Set A (18-100mm),Lens,LOC-04,New Orleans,2026-06-15,1,4.0,3.25,3.2354185266840174
SKU-011,Prime Lens Set A (18-100mm),Lens,LOC-04,New Orleans,2026-06-22,2,1.0,2.0,2.0014207847673244
SKU-011,Prime Lens Set A (18-100mm),Lens,LOC-04,New Orleans,2026-06-29,0,2.0,1.75,0.1032494975263599
SKU-011,Prime Lens Set A (18-100mm),Lens,LOC-04,New Orleans,2026-07-06,2,0.0,1.75,3.4717546377012627
SKU-011,Prime Lens Set A (18-100mm),Lens,LOC-04,New Orleans,2026-07-13,0,2.0,1.25,1.1208161458278454
SKU-011,Prime Lens Set A (18-100mm),Lens,LOC-04,New Orleans,2026-07-20,3,0.0,1.0,1.4680217991099584
SKU-011,Prime Lens Set A (18-100mm),Lens,LOC-04,New Orleans,2026-07-27,2,3.0,1.25,1.656802380215751
SKU-011,Prime Lens Set A (18-100mm),Lens,LOC-04,New Orleans,2026-08-03,1,2.0,1.75,1.7228714579130875
SKU-011,Prime Lens Set A (18-100mm),Lens,LOC-04,New Orleans,2026-08-10,2,1.0,1.5,1.9699950695833188
SKU-012,Prime Lens Set B (24-135mm),Lens,LOC-01,Los Angeles,2026-06-08,8,15.0,6.5,3.822101457145018
SKU-012,Prime Lens Set B (24-135mm),Lens,LOC-01,Los Angeles,2026-06-15,10,8.0,8.0,4.00386690041975
SKU-012,Prime Lens Set B (24-135mm),Lens,LOC-01,Los Angeles,2026-06-22,2,10.0,10.0,2.926719289457377
SKU-012,Prime Lens Set B (24-135mm),Lens,LOC-01,Los Angeles,2026-06-29,3,2.0,8.75,2.858227800104373
SKU-012,Prime Lens Set B (24-135mm),Lens,LOC-01,Los Angeles,2026-07-06,4,3.0,5.75,6.749840769093653
SKU-012,Prime Lens Set B (24-135mm),Lens,LOC-01,Los Angeles,2026-07-13,4,4.0,4.75,2.491375625833499
SKU-012,Prime Lens Set B (24-135mm),Lens,LOC-01,Los Angeles,2026-07-20,18,4.0,3.25,9.300755099285084
SKU-012,Prime Lens Set B (24-135mm),Lens,LOC-01,Los Angeles,2026-07-27,2,18.0,7.25,1.573953436783705
SKU-012,Prime Lens Set B (24-135mm),Lens,LOC-01,Los Angeles,2026-08-03,0,2.0,7.0,0.1885737814606378
SKU-012,Prime Lens Set B (24-135mm),Lens,LOC-01,Los Angeles,2026-08-10,4,0.0,6.0,2.306427822214186
SKU-012,Prime Lens Set B (24-135mm),Lens,LOC-02,Atlanta,2026-06-08,3,14.0,5.5,9.087177078574422
SKU-012,Prime Lens Set B (24-135mm),Lens,LOC-02,Atlanta,2026-06-15,5,3.0,5.0,4.358305633917099
SKU-012,Prime Lens Set B (24-135mm),Lens,LOC-02,Atlanta,2026-06-22,1,5.0,5.5,8.729042197146848
SKU-012,Prime Lens Set B (24-135mm),Lens,LOC-02,Atlanta,2026-06-29,7,1.0,5.75,5.677196456435905
SKU-012,Prime Lens Set B (24-135mm),Lens,LOC-02,Atlanta,2026-07-06,12,7.0,4.0,8.858429923979678
SKU-012,Prime Lens Set B (24-135mm),Lens,LOC-02,Atlanta,2026-07-13,2,12.0,6.25,2.0999859070865536
SKU-012,Prime Lens Set B (24-135mm),Lens,LOC-02,Atlanta,2026-07-20,11,2.0,5.5,8.028109827864881
SKU-012,Prime Lens Set B (24-135mm),Lens,LOC-02,Atlanta,2026-07-27,7,11.0,8.0,6.1782045330878965
SKU-012,Prime Lens Set B (24-135mm),Lens,LOC-02,Atlanta,2026-08-03,1,7.0,8.0,4.636702893266611
SKU-012,Prime Lens Set B (24-135mm),Lens,LOC-02,Atlanta,2026-08-10,2,1.0,5.25,6.364813822454242
SKU-012,Prime Lens Set B (24-135mm),Lens,LOC-03,New York,2026-06-08,2,4.0,2.0,1.9593457323962589
SKU-012,Prime Lens Set B (24-135mm),Lens,LOC-03,New York,2026-06-15,12,2.0,2.5,3.884430179442362
SKU-012,Prime Lens Set B (24-135mm),Lens,LOC-03,New York,2026-06-22,1,12.0,5.0,2.6822559220270006
SKU-012,Prime Lens Set B (24-135mm),Lens,LOC-03,New York,2026-06-29,3,1.0,4.75,7.848949009903904
SKU-012,Prime Lens Set B (24-135mm),Lens,LOC-03,New York,2026-07-06,6,3.0,4.5,6.581533912548528
SKU-012,Prime Lens Set B (24-135mm),Lens,LOC-03,New York,2026-07-13,3,6.0,5.5,2.170698321893486
SKU-012,Prime Lens Set B (24-135mm),Lens,LOC-03,New York,2026-07-20,0,3.0,3.25,1.880995368873837
SKU-012,Prime Lens Set B (24-135mm),Lens,LOC-03,New York,2026-07-27,0,0.0,3.0,0.0609901312306156
SKU-012,Prime Lens Set B (24-135mm),Lens,LOC-03,New York,2026-08-03,1,0.0,2.25,2.0582391983510657
SKU-012,Prime Lens Set B (24-135mm),Lens,LOC-03,New York,2026-08-10,2,1.0,1.0,2.0657223424183084
SKU-012,Prime Lens Set B (24-135mm),Lens,LOC-04,New Orleans,2026-06-08,10,0.0,3.5,6.9318867826864405
SKU-012,Prime Lens Set B (24-135mm),Lens,LOC-04,New Orleans,2026-06-15,4,10.0,5.25,8.962903100028555
SKU-012,Prime Lens Set B (24-135mm),Lens,LOC-04,New Orleans,2026-06-22,7,4.0,4.0,4.618715255076139
SKU-012,Prime Lens Set B (24-135mm),Lens,LOC-04,New Orleans,2026-06-29,0,7.0,5.25,0.1461779610220046
SKU-012,Prime Lens Set B (24-135mm),Lens,LOC-04,New Orleans,2026-07-06,9,0.0,5.25,8.049802848787618
SKU-012,Prime Lens Set B (24-135mm),Lens,LOC-04,New Orleans,2026-07-13,2,9.0,5.0,2.1647379597941465
SKU-012,Prime Lens Set B (24-135mm),Lens,LOC-04,New Orleans,2026-07-20,3,2.0,4.5,3.4403449639509973
SKU-012,Prime Lens Set B (24-135mm),Lens,LOC-04,New Orleans,2026-07-27,2,3.0,3.5,3.468376798417308
SKU-012,Prime Lens Set B (24-135mm),Lens,LOC-04,New Orleans,2026-08-03,1,2.0,4.0,2.936950558885099
SKU-012,Prime Lens Set B (24-135mm),Lens,LOC-04,New Orleans,2026-08-10,5,1.0,2.0,2.140801251330547
SKU-013,Zoom Lens 24-70mm,Lens,LOC-01,Los Angeles,2026-06-08,0,5.0,1.5,2.0173078789608683
SKU-013,Zoom Lens 24-70mm,Lens,LOC-01,Los Angeles,2026-06-15,2,0.0,1.5,2.017976249382236
SKU-013,Zoom Lens 24-70mm,Lens,LOC-01,Los Angeles,2026-06-22,2,2.0,2.0,0.8013724783084766
SKU-013,Zoom Lens 24-70mm,Lens,LOC-01,Los Angeles,2026-06-29,0,2.0,2.25,0.8972903721240474
SKU-013,Zoom Lens 24-70mm,Lens,LOC-01,Los Angeles,2026-07-06,3,0.0,1.0,1.9171634562836328
SKU-013,Zoom Lens 24-70mm,Lens,LOC-01,Los Angeles,2026-07-13,1,3.0,1.75,0.863226470540112
SKU-013,Zoom Lens 24-70mm,Lens,LOC-01,Los Angeles,2026-07-20,8,1.0,1.5,3.223448864022725
SKU-013,Zoom Lens 24-70mm,Lens,LOC-01,Los Angeles,2026-07-27,0,8.0,3.0,0.8034943480958587
SKU-013,Zoom Lens 24-70mm,Lens,LOC-01,Los Angeles,2026-08-03,0,0.0,3.0,0.2349869383314682
SKU-013,Zoom Lens 24-70mm,Lens,LOC-01,Los Angeles,2026-08-10,2,0.0,2.25,0.9015581574570948
SKU-013,Zoom Lens 24-70mm,Lens,LOC-02,Atlanta,2026-06-08,0,2.0,1.25,3.4893855026060128
SKU-013,Zoom Lens 24-70mm,Lens,LOC-02,Atlanta,2026-06-15,2,0.0,1.0,2.1140526992259785
SKU-013,Zoom Lens 24-70mm,Lens,LOC-02,Atlanta,2026-06-22,2,2.0,1.25,3.1611299758130182
SKU-013,Zoom Lens 24-70mm,Lens,LOC-02,Atlanta,2026-06-29,3,2.0,1.5,1.611656154806135
SKU-013,Zoom Lens 24-70mm,Lens,LOC-02,Atlanta,2026-07-06,2,3.0,1.75,3.046828433870326
SKU-013,Zoom Lens 24-70mm,Lens,LOC-02,Atlanta,2026-07-13,0,2.0,2.25,0.7185113805532883
SKU-013,Zoom Lens 24-70mm,Lens,LOC-02,Atlanta,2026-07-20,6,0.0,1.75,3.1173241419964746
SKU-013,Zoom Lens 24-70mm,Lens,LOC-02,Atlanta,2026-07-27,3,6.0,2.75,1.9805117859552783
SKU-013,Zoom Lens 24-70mm,Lens,LOC-02,Atlanta,2026-08-03,1,3.0,2.75,1.7889216257329508
SKU-013,Zoom Lens 24-70mm,Lens,LOC-02,Atlanta,2026-08-10,0,1.0,2.5,2.049012399097628
SKU-013,Zoom Lens 24-70mm,Lens,LOC-03,New York,2026-06-08,0,1.0,0.5,0.7272789494783456
SKU-013,Zoom Lens 24-70mm,Lens,LOC-03,New York,2026-06-15,2,0.0,0.5,2.0740294106359856
SKU-013,Zoom Lens 24-70mm,Lens,LOC-03,New York,2026-06-22,0,2.0,0.75,0.7378290281630367
SKU-013,Zoom Lens 24-70mm,Lens,LOC-03,New York,2026-06-29,4,0.0,0.75,3.354397531608224
SKU-013,Zoom Lens 24-70mm,Lens,LOC-03,New York,2026-07-06,3,4.0,1.5,2.1269773060825683
SKU-013,Zoom Lens 24-70mm,Lens,LOC-03,New York,2026-07-13,1,3.0,2.25,0.7499431077441989
SKU-013,Zoom Lens 24-70mm,Lens,LOC-03,New York,2026-07-20,0,1.0,2.0,0.6531584602940039
SKU-013,Zoom Lens 24-70mm,Lens,LOC-03,New York,2026-07-27,0,0.0,2.0,0.0608343059183891
SKU-013,Zoom Lens 24-70mm,Lens,LOC-03,New York,2026-08-03,0,0.0,1.0,0.6354568309298277
SKU-013,Zoom Lens 24-70mm,Lens,LOC-03,New York,2026-08-10,0,0.0,0.25,0.6311096976175101
SKU-013,Zoom Lens 24-70mm,Lens,LOC-04,New Orleans,2026-06-08,6,0.0,1.25,2.978169074691785
SKU-013,Zoom Lens 24-70mm,Lens,LOC-04,New Orleans,2026-06-15,2,6.0,2.5,3.109408870875001
SKU-013,Zoom Lens 24-70mm,Lens,LOC-04,New Orleans,2026-06-22,1,2.0,2.25,1.739363964286779
SKU-013,Zoom Lens 24-70mm,Lens,LOC-04,New Orleans,2026-06-29,0,1.0,2.25,0.1292100540579411
SKU-013,Zoom Lens 24-70mm,Lens,LOC-04,New Orleans,2026-07-06,1,0.0,2.25,3.205884627098888
SKU-013,Zoom Lens 24-70mm,Lens,LOC-04,New Orleans,2026-07-13,1,1.0,1.0,0.6716880072417137
SKU-013,Zoom Lens 24-70mm,Lens,LOC-04,New Orleans,2026-07-20,0,1.0,0.75,1.352648649279198
SKU-013,Zoom Lens 24-70mm,Lens,LOC-04,New Orleans,2026-07-27,0,0.0,0.5,1.5826333511640829
SKU-013,Zoom Lens 24-70mm,Lens,LOC-04,New Orleans,2026-08-03,2,0.0,0.5,1.3012940725378848
SKU-013,Zoom Lens 24-70mm,Lens,LOC-04,New Orleans,2026-08-10,0,2.0,0.75,1.8343685233345213
SKU-014,Zoom Lens 70-200mm,Lens,LOC-01,Los Angeles,2026-06-08,6,18.0,6.5,3.169470580751355
SKU-014,Zoom Lens 70-200mm,Lens,LOC-01,Los Angeles,2026-06-15,3,6.0,7.75,3.332274747537408
SKU-014,Zoom Lens 70-200mm,Lens,LOC-01,Los Angeles,2026-06-22,2,3.0,7.5,2.6373321222763524
SKU-014,Zoom Lens 70-200mm,Lens,LOC-01,Los Angeles,2026-06-29,5,2.0,7.25,3.1364103406094945
SKU-014,Zoom Lens 70-200mm,Lens,LOC-01,Los Angeles,2026-07-06,4,5.0,4.0,3.731143433807804
SKU-014,Zoom Lens 70-200mm,Lens,LOC-01,Los Angeles,2026-07-13,4,4.0,3.5,2.015366654848222
SKU-014,Zoom Lens 70-200mm,Lens,LOC-01,Los Angeles,2026-07-20,15,4.0,3.75,6.997882839551791
SKU-014,Zoom Lens 70-200mm,Lens,LOC-01,Los Angeles,2026-07-27,0,15.0,7.0,1.4518927497012168
SKU-014,Zoom Lens 70-200mm,Lens,LOC-01,Los Angeles,2026-08-03,0,0.0,5.75,0.1676149113383613
SKU-014,Zoom Lens 70-200mm,Lens,LOC-01,Los Angeles,2026-08-10,0,0.0,4.75,2.002951270219127
SKU-014,Zoom Lens 70-200mm,Lens,LOC-02,Atlanta,2026-06-08,4,2.0,1.0,6.915775382955969
SKU-014,Zoom Lens 70-200mm,Lens,LOC-02,Atlanta,2026-06-15,4,4.0,1.75,3.044447560413563
SKU-014,Zoom Lens 70-200mm,Lens,LOC-02,Atlanta,2026-06-22,6,4.0,2.5,7.048515046989584
SKU-014,Zoom Lens 70-200mm,Lens,LOC-02,Atlanta,2026-06-29,3,6.0,4.0,3.637507826982508
SKU-014,Zoom Lens 70-200mm,Lens,LOC-02,Atlanta,2026-07-06,7,3.0,4.25,6.183914612178657
SKU-014,Zoom Lens 70-200mm,Lens,LOC-02,Atlanta,2026-07-13,0,7.0,5.0,1.4714424546077478
SKU-014,Zoom Lens 70-200mm,Lens,LOC-02,Atlanta,2026-07-20,4,0.0,4.0,6.108170328562838
SKU-014,Zoom Lens 70-200mm,Lens,LOC-02,Atlanta,2026-07-27,6,4.0,3.5,3.770114497300016
SKU-014,Zoom Lens 70-200mm,Lens,LOC-02,Atlanta,2026-08-03,4,6.0,4.25,3.5379506399905734
SKU-014,Zoom Lens 70-200mm,Lens,LOC-02,Atlanta,2026-08-10,3,4.0,3.5,3.5353492870524765
SKU-014,Zoom Lens 70-200mm,Lens,LOC-03,New York,2026-06-08,0,2.0,1.5,1.6573187601172086
SKU-014,Zoom Lens 70-200mm,Lens,LOC-03,New York,2026-06-15,3,0.0,1.25,3.6392484795801816
SKU-014,Zoom Lens 70-200mm,Lens,LOC-03,New York,2026-06-22,6,3.0,1.75,2.623681835335592
SKU-014,Zoom Lens 70-200mm,Lens,LOC-03,New York,2026-06-29,4,6.0,2.75,8.164968940092516
SKU-014,Zoom Lens 70-200mm,Lens,LOC-03,New York,2026-07-06,6,4.0,3.25,3.607843919834663
SKU-014,Zoom Lens 70-200mm,Lens,LOC-03,New York,2026-07-13,3,6.0,4.75,1.468254491722388
SKU-014,Zoom Lens 70-200mm,Lens,LOC-03,New York,2026-07-20,1,3.0,4.75,1.7362368748784556
SKU-014,Zoom Lens 70-200mm,Lens,LOC-03,New York,2026-07-27,0,1.0,3.5,0.088225972423061
SKU-014,Zoom Lens 70-200mm,Lens,LOC-03,New York,2026-08-03,2,0.0,2.5,1.5737957351302987
SKU-014,Zoom Lens 70-200mm,Lens,LOC-03,New York,2026-08-10,1,2.0,1.5,1.7851702320803742
SKU-014,Zoom Lens 70-200mm,Lens,LOC-04,New Orleans,2026-06-08,4,0.0,3.0,5.994768792214485
SKU-014,Zoom Lens 70-200mm,Lens,LOC-04,New Orleans,2026-06-15,5,4.0,3.25,6.887486880220475
SKU-014,Zoom Lens 70-200mm,Lens,LOC-04,New Orleans,2026-06-22,2,5.0,2.5,3.05652955275924
SKU-014,Zoom Lens 70-200mm,Lens,LOC-04,New Orleans,2026-06-29,1,2.0,2.75,0.0883385618394793
SKU-014,Zoom Lens 70-200mm,Lens,LOC-04,New Orleans,2026-07-06,6,1.0,3.0,6.492054287158222
SKU-014,Zoom Lens 70-200mm,Lens,LOC-04,New Orleans,2026-07-13,1,6.0,3.5,1.3448002082810029
SKU-014,Zoom Lens 70-200mm,Lens,LOC-04,New Orleans,2026-07-20,2,1.0,2.5,2.605199527050924
SKU-014,Zoom Lens 70-200mm,Lens,LOC-04,New Orleans,2026-07-27,3,2.0,2.5,2.786489575455162
SKU-014,Zoom Lens 70-200mm,Lens,LOC-04,New Orleans,2026-08-03,3,3.0,3.0,2.6133451222076736
SKU-014,Zoom Lens 70-200mm,Lens,LOC-04,New Orleans,2026-08-10,2,3.0,2.25,2.5555385028572704
SKU-015,Anamorphic Lens Set A,Lens,LOC-01,Los Angeles,2026-06-08,9,9.0,3.75,2.815810070306101
SKU-015,Anamorphic Lens Set A,Lens,LOC-01,Los Angeles,2026-06-15,4,9.0,5.75,2.8940575317102635
SKU-015,Anamorphic Lens Set A,Lens,LOC-01,Los Angeles,2026-06-22,3,4.0,6.75,2.018849946889042
SKU-015,Anamorphic Lens Set A,Lens,LOC-01,Los Angeles,2026-06-29,1,3.0,6.25,1.705292123888232
SKU-015,Anamorphic Lens Set A,Lens,LOC-01,Los Angeles,2026-07-06,3,1.0,4.25,2.81704583057721
SKU-015,Anamorphic Lens Set A,Lens,LOC-01,Los Angeles,2026-07-13,3,3.0,2.75,1.1433227385955818
SKU-015,Anamorphic Lens Set A,Lens,LOC-01,Los Angeles,2026-07-20,10,3.0,2.5,5.734382868187291
SKU-015,Anamorphic Lens Set A,Lens,LOC-01,Los Angeles,2026-07-27,1,10.0,4.25,1.121083642683206
SKU-015,Anamorphic Lens Set A,Lens,LOC-01,Los Angeles,2026-08-03,0,1.0,4.25,0.1832195142940108
SKU-015,Anamorphic Lens Set A,Lens,LOC-01,Los Angeles,2026-08-10,3,0.0,3.5,1.6714391259441033
SKU-015,Anamorphic Lens Set A,Lens,LOC-02,Atlanta,2026-06-08,0,5.0,2.25,7.230073359982415
SKU-015,Anamorphic Lens Set A,Lens,LOC-02,Atlanta,2026-06-15,5,0.0,2.0,2.617863194037424
SKU-015,Anamorphic Lens Set A,Lens,LOC-02,Atlanta,2026-06-22,5,5.0,2.75,4.795261201609704
SKU-015,Anamorphic Lens Set A,Lens,LOC-02,Atlanta,2026-06-29,3,5.0,3.75,2.8735458764440334
SKU-015,Anamorphic Lens Set A,Lens,LOC-02,Atlanta,2026-07-06,3,3.0,3.25,5.297682632229363
SKU-015,Anamorphic Lens Set A,Lens,LOC-02,Atlanta,2026-07-13,2,3.0,4.0,1.2314460026861245
SKU-015,Anamorphic Lens Set A,Lens,LOC-02,Atlanta,2026-07-20,7,2.0,3.25,5.6031388284856485
SKU-015,Anamorphic Lens Set A,Lens,LOC-02,Atlanta,2026-07-27,4,7.0,3.75,2.7224878938002526
SKU-015,Anamorphic Lens Set A,Lens,LOC-02,Atlanta,2026-08-03,5,4.0,4.0,2.9273169846315663
SKU-015,Anamorphic Lens Set A,Lens,LOC-02,Atlanta,2026-08-10,4,5.0,4.5,3.2576146645653528
SKU-015,Anamorphic Lens Set A,Lens,LOC-03,New York,2026-06-08,3,2.0,0.75,1.2065181673521892
SKU-015,Anamorphic Lens Set A,Lens,LOC-03,New York,2026-06-15,5,3.0,1.25,2.745359154032971
SKU-015,Anamorphic Lens Set A,Lens,LOC-03,New York,2026-06-22,0,5.0,2.5,1.4771248083165014
SKU-015,Anamorphic Lens Set A,Lens,LOC-03,New York,2026-06-29,6,0.0,2.5,4.173344661465009
SKU-015,Anamorphic Lens Set A,Lens,LOC-03,New York,2026-07-06,7,6.0,3.5,2.6148021731974627
SKU-015,Anamorphic Lens Set A,Lens,LOC-03,New York,2026-07-13,1,7.0,4.5,1.0458373543690918
SKU-015,Anamorphic Lens Set A,Lens,LOC-03,New York,2026-07-20,4,1.0,3.5,1.1203689980308054
SKU-015,Anamorphic Lens Set A,Lens,LOC-03,New York,2026-07-27,0,4.0,4.5,0.4094008719212025
SKU-015,Anamorphic Lens Set A,Lens,LOC-03,New York,2026-08-03,0,0.0,3.0,1.6289931752552511
SKU-015,Anamorphic Lens Set A,Lens,LOC-03,New York,2026-08-10,5,0.0,1.25,1.6287507937792152
SKU-015,Anamorphic Lens Set A,Lens,LOC-04,New Orleans,2026-06-08,0,0.0,3.5,4.664424786656435
SKU-015,Anamorphic Lens Set A,Lens,LOC-04,New Orleans,2026-06-15,3,0.0,1.5,4.508549908805137
SKU-015,Anamorphic Lens Set A,Lens,LOC-04,New Orleans,2026-06-22,0,3.0,0.75,3.177567876026241
SKU-015,Anamorphic Lens Set A,Lens,LOC-04,New Orleans,2026-06-29,0,0.0,0.75,0.1855291791206629
SKU-015,Anamorphic Lens Set A,Lens,LOC-04,New Orleans,2026-07-06,12,0.0,0.75,4.182050272567693
SKU-015,Anamorphic Lens Set A,Lens,LOC-04,New Orleans,2026-07-13,3,12.0,3.75,1.073445542284594
SKU-015,Anamorphic Lens Set A,Lens,LOC-04,New Orleans,2026-07-20,0,3.0,3.75,2.327053213918954
SKU-015,Anamorphic Lens Set A,Lens,LOC-04,New Orleans,2026-07-27,6,0.0,3.75,2.3022753982997983
SKU-015,Anamorphic Lens Set A,Lens,LOC-04,New Orleans,2026-08-03,1,6.0,5.25,2.6481564759044987
SKU-015,Anamorphic Lens Set A,Lens,LOC-04,New Orleans,2026-08-10,1,1.0,2.5,2.794649931899591
SKU-016,Macro Lens 100mm,Lens,LOC-01,Los Angeles,2026-06-08,10,13.0,4.0,2.700519568007034
SKU-016,Macro Lens 100mm,Lens,LOC-01,Los Angeles,2026-06-15,3,10.0,6.25,3.0033135611812627
SKU-016,Macro Lens 100mm,Lens,LOC-01,Los Angeles,2026-06-22,2,3.0,7.0,2.011024216697109
SKU-016,Macro Lens 100mm,Lens,LOC-01,Los Angeles,2026-06-29,2,2.0,7.0,1.8950309718358644
SKU-016,Macro Lens 100mm,Lens,LOC-01,Los Angeles,2026-07-06,1,2.0,4.25,3.0234165095211143
SKU-016,Macro Lens 100mm,Lens,LOC-01,Los Angeles,2026-07-13,1,1.0,2.0,1.3835365838783005
SKU-016,Macro Lens 100mm,Lens,LOC-01,Los Angeles,2026-07-20,9,1.0,1.5,4.931673800884209
SKU-016,Macro Lens 100mm,Lens,LOC-01,Los Angeles,2026-07-27,0,9.0,3.25,1.3182208191313811
SKU-016,Macro Lens 100mm,Lens,LOC-01,Los Angeles,2026-08-03,0,0.0,2.75,0.1635019780149015
SKU-016,Macro Lens 100mm,Lens,LOC-01,Los Angeles,2026-08-10,1,0.0,2.5,1.804902589401477
SKU-016,Macro Lens 100mm,Lens,LOC-02,Atlanta,2026-06-08,7,2.0,1.5,7.039394957111383
SKU-016,Macro Lens 100mm,Lens,LOC-02,Atlanta,2026-06-15,0,7.0,3.25,2.5590542415497266
SKU-016,Macro Lens 100mm,Lens,LOC-02,Atlanta,2026-06-22,3,0.0,2.75,5.228280099991589
SKU-016,Macro Lens 100mm,Lens,LOC-02,Atlanta,2026-06-29,2,3.0,3.0,3.125425543734506
SKU-016,Macro Lens 100mm,Lens,LOC-02,Atlanta,2026-07-06,5,2.0,3.0,6.2921930578386425
SKU-016,Macro Lens 100mm,Lens,LOC-02,Atlanta,2026-07-13,3,5.0,2.5,1.1251805138549127
SKU-016,Macro Lens 100mm,Lens,LOC-02,Atlanta,2026-07-20,7,3.0,3.25,5.829167374185936
SKU-016,Macro Lens 100mm,Lens,LOC-02,Atlanta,2026-07-27,4,7.0,4.25,3.188937209467401
SKU-016,Macro Lens 100mm,Lens,LOC-02,Atlanta,2026-08-03,3,4.0,4.75,3.2195215782680746
SKU-016,Macro Lens 100mm,Lens,LOC-02,Atlanta,2026-08-10,0,3.0,4.25,3.544107187059007
SKU-016,Macro Lens 100mm,Lens,LOC-03,New York,2026-06-08,1,0.0,0.25,1.3366278906294864
SKU-016,Macro Lens 100mm,Lens,LOC-03,New York,2026-06-15,5,1.0,0.25,3.003077395314321
SKU-016,Macro Lens 100mm,Lens,LOC-03,New York,2026-06-22,3,5.0,1.5,1.889795855180398
SKU-016,Macro Lens 100mm,Lens,LOC-03,New York,2026-06-29,5,3.0,2.25,6.546169488856115
SKU-016,Macro Lens 100mm,Lens,LOC-03,New York,2026-07-06,2,5.0,3.5,2.670163261983409
SKU-016,Macro Lens 100mm,Lens,LOC-03,New York,2026-07-13,2,2.0,3.75,1.1935777222465918
SKU-016,Macro Lens 100mm,Lens,LOC-03,New York,2026-07-20,0,2.0,3.0,1.27350363936593
SKU-016,Macro Lens 100mm,Lens,LOC-03,New York,2026-07-27,0,0.0,2.25,0.0663096296048759
SKU-016,Macro Lens 100mm,Lens,LOC-03,New York,2026-08-03,4,0.0,1.0,1.5561641632454533
SKU-016,Macro Lens 100mm,Lens,LOC-03,New York,2026-08-10,1,4.0,1.5,1.670147018977753
SKU-016,Macro Lens 100mm,Lens,LOC-04,New Orleans,2026-06-08,9,0.0,2.25,4.918140567721926
SKU-016,Macro Lens 100mm,Lens,LOC-04,New Orleans,2026-06-15,2,9.0,3.5,6.814724134767519
SKU-016,Macro Lens 100mm,Lens,LOC-04,New Orleans,2026-06-22,3,2.0,2.75,2.914779226172074
SKU-016,Macro Lens 100mm,Lens,LOC-04,New Orleans,2026-06-29,0,3.0,3.5,0.2319720393427978
SKU-016,Macro Lens 100mm,Lens,LOC-04,New Orleans,2026-07-06,28,0.0,3.5,5.414554153149028
SKU-016,Macro Lens 100mm,Lens,LOC-04,New Orleans,2026-07-13,1,28.0,8.25,1.1311301075353055
SKU-016,Macro Lens 100mm,Lens,LOC-04,New Orleans,2026-07-20,2,1.0,8.0,2.3930809616017577
SKU-016,Macro Lens 100mm,Lens,LOC-04,New Orleans,2026-07-27,2,2.0,7.75,2.7866040158752967
SKU-016,Macro Lens 100mm,Lens,LOC-04,New Orleans,2026-08-03,6,2.0,8.25,2.391955865725055
SKU-016,Macro Lens 100mm,Lens,LOC-04,New Orleans,2026-08-10,5,6.0,2.75,2.6995558792469296
SKU-017,Wide Angle Lens 14mm,Lens,LOC-01,Los Angeles,2026-06-08,6,7.0,3.75,3.3604560490085293
SKU-017,Wide Angle Lens 14mm,Lens,LOC-01,Los Angeles,2026-06-15,3,6.0,5.0,3.375119650929282
SKU-017,Wide Angle Lens 14mm,Lens,LOC-01,Los Angeles,2026-06-22,0,3.0,5.25,2.166316780652394
SKU-017,Wide Angle Lens 14mm,Lens,LOC-01,Los Angeles,2026-06-29,0,0.0,4.0,1.812247361969652
SKU-017,Wide Angle Lens 14mm,Lens,LOC-01,Los Angeles,2026-07-06,1,0.0,2.25,3.56978051444139
SKU-017,Wide Angle Lens 14mm,Lens,LOC-01,Los Angeles,2026-07-13,1,1.0,1.0,1.5642667786247426
SKU-017,Wide Angle Lens 14mm,Lens,LOC-01,Los Angeles,2026-07-20,11,1.0,0.5,5.830119351840929
SKU-017,Wide Angle Lens 14mm,Lens,LOC-01,Los Angeles,2026-07-27,0,11.0,3.25,1.358556424286704
SKU-017,Wide Angle Lens 14mm,Lens,LOC-01,Los Angeles,2026-08-03,0,0.0,3.25,0.2396785836801895
SKU-017,Wide Angle Lens 14mm,Lens,LOC-01,Los Angeles,2026-08-10,4,0.0,3.0,1.7663210691931603
SKU-017,Wide Angle Lens 14mm,Lens,LOC-02,Atlanta,2026-06-08,4,2.0,1.75,6.667595976571769
SKU-017,Wide Angle Lens 14mm,Lens,LOC-02,Atlanta,2026-06-15,3,4.0,2.5,2.9392556747363385
SKU-017,Wide Angle Lens 14mm,Lens,LOC-02,Atlanta,2026-06-22,4,3.0,2.75,5.420210690909143
SKU-017,Wide Angle Lens 14mm,Lens,LOC-02,Atlanta,2026-06-29,4,4.0,3.25,3.3956529425371182
SKU-017,Wide Angle Lens 14mm,Lens,LOC-02,Atlanta,2026-07-06,7,4.0,3.75,5.57483445687183
SKU-017,Wide Angle Lens 14mm,Lens,LOC-02,Atlanta,2026-07-13,0,7.0,4.5,1.2733508105056466
SKU-017,Wide Angle Lens 14mm,Lens,LOC-02,Atlanta,2026-07-20,7,0.0,3.75,5.581597913213556
SKU-017,Wide Angle Lens 14mm,Lens,LOC-02,Atlanta,2026-07-27,6,7.0,4.5,3.827581031210049
SKU-017,Wide Angle Lens 14mm,Lens,LOC-02,Atlanta,2026-08-03,2,6.0,5.0,3.440728119366991
SKU-017,Wide Angle Lens 14mm,Lens,LOC-02,Atlanta,2026-08-10,5,2.0,3.75,3.841305003049927
SKU-017,Wide Angle Lens 14mm,Lens,LOC-03,New York,2026-06-08,3,3.0,2.0,1.3092275479845252
SKU-017,Wide Angle Lens 14mm,Lens,LOC-03,New York,2026-06-15,6,3.0,2.0,3.3822750249579183
SKU-017,Wide Angle Lens 14mm,Lens,LOC-03,New York,2026-06-22,3,6.0,3.0,2.1167570112015817
SKU-017,Wide Angle Lens 14mm,Lens,LOC-03,New York,2026-06-29,5,3.0,3.75,5.829646446612807
SKU-017,Wide Angle Lens 14mm,Lens,LOC-03,New York,2026-07-06,21,5.0,4.25,3.157986265189828
SKU-017,Wide Angle Lens 14mm,Lens,LOC-03,New York,2026-07-13,2,21.0,8.75,1.1796759912925567
SKU-017,Wide Angle Lens 14mm,Lens,LOC-03,New York,2026-07-20,1,2.0,7.75,1.3238016232987104
SKU-017,Wide Angle Lens 14mm,Lens,LOC-03,New York,2026-07-27,0,1.0,7.25,0.2640693561117418
SKU-017,Wide Angle Lens 14mm,Lens,LOC-03,New York,2026-08-03,2,0.0,6.0,1.8840633337230768
SKU-017,Wide Angle Lens 14mm,Lens,LOC-03,New York,2026-08-10,1,2.0,1.25,1.6920225937877615
SKU-017,Wide Angle Lens 14mm,Lens,LOC-04,New Orleans,2026-06-08,4,0.0,0.75,5.006036321385394
SKU-017,Wide Angle Lens 14mm,Lens,LOC-04,New Orleans,2026-06-15,6,4.0,1.5,7.810422676755945
SKU-017,Wide Angle Lens 14mm,Lens,LOC-04,New Orleans,2026-06-22,3,6.0,2.5,2.8500626837464598
SKU-017,Wide Angle Lens 14mm,Lens,LOC-04,New Orleans,2026-06-29,0,3.0,3.25,0.1190593400072157
SKU-017,Wide Angle Lens 14mm,Lens,LOC-04,New Orleans,2026-07-06,8,0.0,3.25,5.089152576172893
SKU-017,Wide Angle Lens 14mm,Lens,LOC-04,New Orleans,2026-07-13,3,8.0,4.25,1.232963874334462
SKU-017,Wide Angle Lens 14mm,Lens,LOC-04,New Orleans,2026-07-20,3,3.0,3.5,2.3142721880604773
SKU-017,Wide Angle Lens 14mm,Lens,LOC-04,New Orleans,2026-07-27,7,3.0,3.5,2.753387769726335
SKU-017,Wide Angle Lens 14mm,Lens,LOC-04,New Orleans,2026-08-03,4,7.0,5.25,2.209873699227187
SKU-017,Wide Angle Lens 14mm,Lens,LOC-04,New Orleans,2026-08-10,3,4.0,4.25,2.7815252645910262
SKU-018,Telephoto Lens 300mm,Lens,LOC-01,Los Angeles,2026-06-08,10,4.0,2.5,2.543762614188418
SKU-018,Telephoto Lens 300mm,Lens,LOC-01,Los Angeles,2026-06-15,4,10.0,4.75,2.6049574423828044
SKU-018,Telephoto Lens 300mm,Lens,LOC-01,Los Angeles,2026-06-22,1,4.0,5.75,1.6002169566878597
SKU-018,Telephoto Lens 300mm,Lens,LOC-01,Los Angeles,2026-06-29,1,1.0,4.75,1.14840943843035
SKU-018,Telephoto Lens 300mm,Lens,LOC-01,Los Angeles,2026-07-06,6,1.0,4.0,2.052782203667074
SKU-018,Telephoto Lens 300mm,Lens,LOC-01,Los Angeles,2026-07-13,1,6.0,3.0,1.0239176251571411
SKU-018,Telephoto Lens 300mm,Lens,LOC-01,Los Angeles,2026-07-20,8,1.0,2.25,3.518501303693589
SKU-018,Telephoto Lens 300mm,Lens,LOC-01,Los Angeles,2026-07-27,1,8.0,4.0,1.0142633311575366
SKU-018,Telephoto Lens 300mm,Lens,LOC-01,Los Angeles,2026-08-03,0,1.0,4.0,0.2594869332627174
SKU-018,Telephoto Lens 300mm,Lens,LOC-01,Los Angeles,2026-08-10,0,0.0,2.5,1.4679938815696778
SKU-018,Telephoto Lens 300mm,Lens,LOC-02,Atlanta,2026-06-08,4,2.0,2.5,3.7553711684040714
SKU-018,Telephoto Lens 300mm,Lens,LOC-02,Atlanta,2026-06-15,2,4.0,2.75,2.340146156676155
SKU-018,Telephoto Lens 300mm,Lens,LOC-02,Atlanta,2026-06-22,2,2.0,3.0,3.3431590435229124
SKU-018,Telephoto Lens 300mm,Lens,LOC-02,Atlanta,2026-06-29,1,2.0,2.5,1.954694083000243
SKU-018,Telephoto Lens 300mm,Lens,LOC-02,Atlanta,2026-07-06,9,1.0,2.25,3.9811042936005343
SKU-018,Telephoto Lens 300mm,Lens,LOC-02,Atlanta,2026-07-13,3,9.0,3.5,0.9539834875608304
SKU-018,Telephoto Lens 300mm,Lens,LOC-02,Atlanta,2026-07-20,1,3.0,3.75,3.735912086215177
SKU-018,Telephoto Lens 300mm,Lens,LOC-02,Atlanta,2026-07-27,2,1.0,3.5,2.1549095030310683
SKU-018,Telephoto Lens 300mm,Lens,LOC-02,Atlanta,2026-08-03,1,2.0,3.75,1.8706548463900865
SKU-018,Telephoto Lens 300mm,Lens,LOC-02,Atlanta,2026-08-10,2,1.0,1.75,1.9122326453951368
SKU-018,Telephoto Lens 300mm,Lens,LOC-03,New York,2026-06-08,0,2.0,1.25,1.0601638618152542
SKU-018,Telephoto Lens 300mm,Lens,LOC-03,New York,2026-06-15,3,0.0,1.0,2.2608721660545736
SKU-018,Telephoto Lens 300mm,Lens,LOC-03,New York,2026-06-22,2,3.0,1.5,1.3759714769521358
SKU-018,Telephoto Lens 300mm,Lens,LOC-03,New York,2026-06-29,3,2.0,1.75,4.009537447558713
SKU-018,Telephoto Lens 300mm,Lens,LOC-03,New York,2026-07-06,2,3.0,2.0,2.3714882132602924
SKU-018,Telephoto Lens 300mm,Lens,LOC-03,New York,2026-07-13,0,2.0,2.5,1.0401558521262748
SKU-018,Telephoto Lens 300mm,Lens,LOC-03,New York,2026-07-20,0,0.0,1.75,0.9995122323027236
SKU-018,Telephoto Lens 300mm,Lens,LOC-03,New York,2026-07-27,0,0.0,1.25,0.086212606889399
SKU-018,Telephoto Lens 300mm,Lens,LOC-03,New York,2026-08-03,0,0.0,0.5,1.673327334730815
SKU-018,Telephoto Lens 300mm,Lens,LOC-03,New York,2026-08-10,0,0.0,0.0,1.9884477076297773
SKU-018,Telephoto Lens 300mm,Lens,LOC-04,New Orleans,2026-06-08,4,0.0,1.0,2.987542836168732
SKU-018,Telephoto Lens 300mm,Lens,LOC-04,New Orleans,2026-06-15,0,4.0,1.5,3.48442656842621
SKU-018,Telephoto Lens 300mm,Lens,LOC-04,New Orleans,2026-06-22,1,0.0,1.0,2.2391317958330053
SKU-018,Telephoto Lens 300mm,Lens,LOC-04,New Orleans,2026-06-29,0,1.0,1.25,0.1249252223952264
SKU-018,Telephoto Lens 300mm,Lens,LOC-04,New Orleans,2026-07-06,6,0.0,1.25,3.4327473552352954
SKU-018,Telephoto Lens 300mm,Lens,LOC-04,New Orleans,2026-07-13,0,6.0,1.75,0.9757373998629644
SKU-018,Telephoto Lens 300mm,Lens,LOC-04,New Orleans,2026-07-20,0,0.0,1.75,1.9617541353424224
SKU-018,Telephoto Lens 300mm,Lens,LOC-04,New Orleans,2026-07-27,2,0.0,1.5,1.7697706626396306
SKU-018,Telephoto Lens 300mm,Lens,LOC-04,New Orleans,2026-08-03,1,2.0,2.0,1.6949994189620614
SKU-018,Telephoto Lens 300mm,Lens,LOC-04,New Orleans,2026-08-10,1,1.0,0.75,2.2449010722039207
SKU-019,Vintage Lens Set A,Lens,LOC-01,Los Angeles,2026-06-08,3,9.0,3.5,2.589724535607319
SKU-019,Vintage Lens Set A,Lens,LOC-01,Los Angeles,2026-06-15,1,3.0,4.25,2.094427317993686
SKU-019,Vintage Lens Set A,Lens,LOC-01,Los Angeles,2026-06-22,1,1.0,3.75,1.6451440875615269
SKU-019,Vintage Lens Set A,Lens,LOC-01,Los Angeles,2026-06-29,1,1.0,3.5,1.6347243324076883
SKU-019,Vintage Lens Set A,Lens,LOC-01,Los Angeles,2026-07-06,0,1.0,1.5,2.0454190594691197
SKU-019,Vintage Lens Set A,Lens,LOC-01,Los Angeles,2026-07-13,2,0.0,0.75,1.4331246417301824
SKU-019,Vintage Lens Set A,Lens,LOC-01,Los Angeles,2026-07-20,10,2.0,1.0,4.298591695882019
SKU-019,Vintage Lens Set A,Lens,LOC-01,Los Angeles,2026-07-27,0,10.0,3.25,1.0757793569188152
SKU-019,Vintage Lens Set A,Lens,LOC-01,Los Angeles,2026-08-03,0,0.0,3.0,0.2386810085818685
SKU-019,Vintage Lens Set A,Lens,LOC-01,Los Angeles,2026-08-10,4,0.0,3.0,1.819375910106752
SKU-019,Vintage Lens Set A,Lens,LOC-02,Atlanta,2026-06-08,3,8.0,3.5,4.543338218996233
SKU-019,Vintage Lens Set A,Lens,LOC-02,Atlanta,2026-06-15,2,3.0,3.75,2.022525139939698
SKU-019,Vintage Lens Set A,Lens,LOC-02,Atlanta,2026-06-22,5,2.0,3.75,3.222405973111849
SKU-019,Vintage Lens Set A,Lens,LOC-02,Atlanta,2026-06-29,3,5.0,4.5,2.2908424560286367
SKU-019,Vintage Lens Set A,Lens,LOC-02,Atlanta,2026-07-06,1,3.0,3.25,4.07275333693199
SKU-019,Vintage Lens Set A,Lens,LOC-02,Atlanta,2026-07-13,0,1.0,2.75,1.1724472769808052
SKU-019,Vintage Lens Set A,Lens,LOC-02,Atlanta,2026-07-20,5,0.0,2.25,3.948339530427603
SKU-019,Vintage Lens Set A,Lens,LOC-02,Atlanta,2026-07-27,2,5.0,2.25,2.315960252208742
SKU-019,Vintage Lens Set A,Lens,LOC-02,Atlanta,2026-08-03,3,2.0,2.0,2.436392386890601
SKU-019,Vintage Lens Set A,Lens,LOC-02,Atlanta,2026-08-10,1,3.0,2.5,2.3376650373751504
SKU-019,Vintage Lens Set A,Lens,LOC-03,New York,2026-06-08,3,1.0,0.75,1.234531208996974
SKU-019,Vintage Lens Set A,Lens,LOC-03,New York,2026-06-15,6,3.0,1.25,2.295097921079498
SKU-019,Vintage Lens Set A,Lens,LOC-03,New York,2026-06-22,4,6.0,2.75,1.4148984949626342
SKU-019,Vintage Lens Set A,Lens,LOC-03,New York,2026-06-29,1,4.0,3.5,3.8644135526560177
SKU-019,Vintage Lens Set A,Lens,LOC-03,New York,2026-07-06,1,1.0,3.5,2.1039785168083345
SKU-019,Vintage Lens Set A,Lens,LOC-03,New York,2026-07-13,1,1.0,3.0,1.2018859070811263
SKU-019,Vintage Lens Set A,Lens,LOC-03,New York,2026-07-20,0,1.0,1.75,1.0543219668124124
SKU-019,Vintage Lens Set A,Lens,LOC-03,New York,2026-07-27,0,0.0,0.75,0.0516050952155476
SKU-019,Vintage Lens Set A,Lens,LOC-03,New York,2026-08-03,1,0.0,0.5,1.728002510384886
SKU-019,Vintage Lens Set A,Lens,LOC-03,New York,2026-08-10,1,1.0,0.5,2.4804301076185973
SKU-019,Vintage Lens Set A,Lens,LOC-04,New Orleans,2026-06-08,2,0.0,1.5,3.198412837019176
SKU-019,Vintage Lens Set A,Lens,LOC-04,New Orleans,2026-06-15,1,2.0,2.0,4.079969038596797
SKU-019,Vintage Lens Set A,Lens,LOC-04,New Orleans,2026-06-22,1,1.0,0.75,2.128397741157863
SKU-019,Vintage Lens Set A,Lens,LOC-04,New Orleans,2026-06-29,0,1.0,1.0,0.0784599427471374
SKU-019,Vintage Lens Set A,Lens,LOC-04,New Orleans,2026-07-06,1,0.0,1.0,3.5041799365266546
SKU-019,Vintage Lens Set A,Lens,LOC-04,New Orleans,2026-07-13,2,1.0,0.75,1.1611492641686592
SKU-019,Vintage Lens Set A,Lens,LOC-04,New Orleans,2026-07-20,2,2.0,1.0,1.521340487893018
SKU-019,Vintage Lens Set A,Lens,LOC-04,New Orleans,2026-07-27,3,2.0,1.25,1.695757537095064
SKU-019,Vintage Lens Set A,Lens,LOC-04,New Orleans,2026-08-03,2,3.0,2.0,1.5804399159693392
SKU-019,Vintage Lens Set A,Lens,LOC-04,New Orleans,2026-08-10,1,2.0,2.25,2.211141520677346
SKU-020,Speed Booster Adapter A,Lens,LOC-01,Los Angeles,2026-06-08,13,12.0,6.0,3.864416856881677
SKU-020,Speed Booster Adapter A,Lens,LOC-01,Los Angeles,2026-06-15,5,13.0,9.0,4.516073802109464
SKU-020,Speed Booster Adapter A,Lens,LOC-01,Los Angeles,2026-06-22,3,5.0,8.75,2.9517552571758388
SKU-020,Speed Booster Adapter A,Lens,LOC-01,Los Angeles,2026-06-29,4,3.0,8.25,2.778340507655812
SKU-020,Speed Booster Adapter A,Lens,LOC-01,Los Angeles,2026-07-06,3,4.0,6.25,5.762848207607737
SKU-020,Speed Booster Adapter A,Lens,LOC-01,Los Angeles,2026-07-13,7,3.0,3.75,2.202048154901444
SKU-020,Speed Booster Adapter A,Lens,LOC-01,Los Angeles,2026-07-20,10,7.0,4.25,8.838402350679472
SKU-020,Speed Booster Adapter A,Lens,LOC-01,Los Angeles,2026-07-27,1,10.0,6.0,1.511209793601069
SKU-020,Speed Booster Adapter A,Lens,LOC-01,Los Angeles,2026-08-03,0,1.0,5.25,0.095238364564195
SKU-020,Speed Booster Adapter A,Lens,LOC-01,Los Angeles,2026-08-10,4,0.0,4.5,2.00290857645856
SKU-020,Speed Booster Adapter A,Lens,LOC-02,Atlanta,2026-06-08,3,6.0,3.25,9.072408550475062
SKU-020,Speed Booster Adapter A,Lens,LOC-02,Atlanta,2026-06-15,2,3.0,3.5,4.192991418823241
SKU-020,Speed Booster Adapter A,Lens,LOC-02,Atlanta,2026-06-22,3,2.0,4.0,8.013884989546508
SKU-020,Speed Booster Adapter A,Lens,LOC-02,Atlanta,2026-06-29,4,3.0,3.5,5.251434484834176
SKU-020,Speed Booster Adapter A,Lens,LOC-02,Atlanta,2026-07-06,16,4.0,3.0,9.305474949930408
SKU-020,Speed Booster Adapter A,Lens,LOC-02,Atlanta,2026-07-13,0,16.0,6.25,1.908515771686208
SKU-020,Speed Booster Adapter A,Lens,LOC-02,Atlanta,2026-07-20,13,0.0,5.75,8.24602238158846
SKU-020,Speed Booster Adapter A,Lens,LOC-02,Atlanta,2026-07-27,4,13.0,8.25,5.985619137914281
SKU-020,Speed Booster Adapter A,Lens,LOC-02,Atlanta,2026-08-03,3,4.0,8.25,4.415257493710723
SKU-020,Speed Booster Adapter A,Lens,LOC-02,Atlanta,2026-08-10,2,3.0,5.0,5.818729223643837
SKU-020,Speed Booster Adapter A,Lens,LOC-03,New York,2026-06-08,2,2.0,2.25,2.012337401161865
SKU-020,Speed Booster Adapter A,Lens,LOC-03,New York,2026-06-15,8,2.0,1.25,4.30325144666412
SKU-020,Speed Booster Adapter A,Lens,LOC-03,New York,2026-06-22,0,8.0,3.0,2.864238434361083
SKU-020,Speed Booster Adapter A,Lens,LOC-03,New York,2026-06-29,7,0.0,3.0,7.595670622243025
SKU-020,Speed Booster Adapter A,Lens,LOC-03,New York,2026-07-06,5,7.0,4.25,7.110969102298022
SKU-020,Speed Booster Adapter A,Lens,LOC-03,New York,2026-07-13,5,5.0,5.0,1.862689620974572
SKU-020,Speed Booster Adapter A,Lens,LOC-03,New York,2026-07-20,2,5.0,4.25,1.850245481833716
SKU-020,Speed Booster Adapter A,Lens,LOC-03,New York,2026-07-27,0,2.0,4.75,0.0511077523240175
SKU-020,Speed Booster Adapter A,Lens,LOC-03,New York,2026-08-03,4,0.0,3.0,1.825293191797679
SKU-020,Speed Booster Adapter A,Lens,LOC-03,New York,2026-08-10,3,4.0,2.75,2.0405666684838444
SKU-020,Speed Booster Adapter A,Lens,LOC-04,New Orleans,2026-06-08,4,0.0,2.0,6.928411598020624
SKU-020,Speed Booster Adapter A,Lens,LOC-04,New Orleans,2026-06-15,5,4.0,2.5,8.25894531264896
SKU-020,Speed Booster Adapter A,Lens,LOC-04,New Orleans,2026-06-22,2,5.0,2.5,4.594922806083546
SKU-020,Speed Booster Adapter A,Lens,LOC-04,New Orleans,2026-06-29,0,2.0,2.75,0.0856222389784292
SKU-020,Speed Booster Adapter A,Lens,LOC-04,New Orleans,2026-07-06,12,0.0,2.75,7.79994025061245
SKU-020,Speed Booster Adapter A,Lens,LOC-04,New Orleans,2026-07-13,0,12.0,4.75,2.0716117605633717
SKU-020,Speed Booster Adapter A,Lens,LOC-04,New Orleans,2026-07-20,0,0.0,3.5,2.7052302600292037
SKU-020,Speed Booster Adapter A,Lens,LOC-04,New Orleans,2026-07-27,7,0.0,3.0,6.11597807338872
SKU-020,Speed Booster Adapter A,Lens,LOC-04,New Orleans,2026-08-03,0,7.0,4.75,3.2021737352781354
SKU-020,Speed Booster Adapter A,Lens,LOC-04,New Orleans,2026-08-10,4,0.0,1.75,3.277942642653567
SKU-021,LED Panel Light A,Lighting,LOC-01,Los Angeles,2026-06-08,18,25.0,10.25,6.104394181659687
SKU-021,LED Panel Light A,Lighting,LOC-01,Los Angeles,2026-06-15,14,18.0,14.5,6.191674113087673
SKU-021,LED Panel Light A,Lighting,LOC-01,Los Angeles,2026-06-22,0,14.0,16.0,5.187259191673337
SKU-021,LED Panel Light A,Lighting,LOC-01,Los Angeles,2026-06-29,3,0.0,14.25,5.301394149367676
SKU-021,LED Panel Light A,Lighting,LOC-01,Los Angeles,2026-07-06,9,3.0,8.75,7.161208987276476
SKU-021,LED Panel Light A,Lighting,LOC-01,Los Angeles,2026-07-13,7,9.0,6.5,4.5595480208302686
SKU-021,LED Panel Light A,Lighting,LOC-01,Los Angeles,2026-07-20,21,7.0,4.75,15.139834941609976
SKU-021,LED Panel Light A,Lighting,LOC-01,Los Angeles,2026-07-27,5,21.0,10.0,3.186739678141287
SKU-021,LED Panel Light A,Lighting,LOC-01,Los Angeles,2026-08-03,0,5.0,10.5,0.2354750969357762
SKU-021,LED Panel Light A,Lighting,LOC-01,Los Angeles,2026-08-10,2,0.0,8.25,3.1128283056354515
SKU-021,LED Panel Light A,Lighting,LOC-02,Atlanta,2026-06-08,8,7.0,4.25,14.435928929648986
SKU-021,LED Panel Light A,Lighting,LOC-02,Atlanta,2026-06-15,19,8.0,5.0,7.5214030762272115
SKU-021,LED Panel Light A,Lighting,LOC-02,Atlanta,2026-06-22,14,19.0,9.25,16.756319695014234
SKU-021,LED Panel Light A,Lighting,LOC-02,Atlanta,2026-06-29,4,14.0,12.0,7.538700945818277
SKU-021,LED Panel Light A,Lighting,LOC-02,Atlanta,2026-07-06,21,4.0,11.25,16.46076546773111
SKU-021,LED Panel Light A,Lighting,LOC-02,Atlanta,2026-07-13,4,21.0,14.5,3.623552527487736
SKU-021,LED Panel Light A,Lighting,LOC-02,Atlanta,2026-07-20,24,4.0,10.75,16.112874149050526
SKU-021,LED Panel Light A,Lighting,LOC-02,Atlanta,2026-07-27,9,24.0,13.25,7.403271847651191
SKU-021,LED Panel Light A,Lighting,LOC-02,Atlanta,2026-08-03,3,9.0,14.5,6.683477326713756
SKU-021,LED Panel Light A,Lighting,LOC-02,Atlanta,2026-08-10,4,3.0,10.0,7.019460974562634
SKU-021,LED Panel Light A,Lighting,LOC-03,New York,2026-06-08,13,1.0,3.0,2.807653511267467
SKU-021,LED Panel Light A,Lighting,LOC-03,New York,2026-06-15,8,13.0,4.75,6.950031233969906
SKU-021,LED Panel Light A,Lighting,LOC-03,New York,2026-06-22,2,8.0,5.5,3.6298095559589543
SKU-021,LED Panel Light A,Lighting,LOC-03,New York,2026-06-29,15,2.0,6.0,13.485006138401111
SKU-021,LED Panel Light A,Lighting,LOC-03,New York,2026-07-06,10,15.0,9.5,8.226953890695137
SKU-021,LED Panel Light A,Lighting,LOC-03,New York,2026-07-13,5,10.0,8.75,3.550561107885855
SKU-021,LED Panel Light A,Lighting,LOC-03,New York,2026-07-20,2,5.0,8.0,2.743950416706547
SKU-021,LED Panel Light A,Lighting,LOC-03,New York,2026-07-27,0,2.0,8.0,0.1677151405769191
SKU-021,LED Panel Light A,Lighting,LOC-03,New York,2026-08-03,5,0.0,4.25,3.2005017048686466
SKU-021,LED Panel Light A,Lighting,LOC-03,New York,2026-08-10,3,5.0,3.0,2.770656774300248
SKU-021,LED Panel Light A,Lighting,LOC-04,New Orleans,2026-06-08,10,1.0,4.5,12.469432978802354
SKU-021,LED Panel Light A,Lighting,LOC-04,New Orleans,2026-06-15,10,10.0,6.0,12.991442909351065
SKU-021,LED Panel Light A,Lighting,LOC-04,New Orleans,2026-06-22,10,10.0,5.5,6.626258448836963
SKU-021,LED Panel Light A,Lighting,LOC-04,New Orleans,2026-06-29,0,10.0,7.75,0.160962781272194
SKU-021,LED Panel Light A,Lighting,LOC-04,New Orleans,2026-07-06,9,0.0,7.5,12.635556620800784
SKU-021,LED Panel Light A,Lighting,LOC-04,New Orleans,2026-07-13,6,9.0,7.25,3.314124393712822
SKU-021,LED Panel Light A,Lighting,LOC-04,New Orleans,2026-07-20,6,6.0,6.25,5.717895554383806
SKU-021,LED Panel Light A,Lighting,LOC-04,New Orleans,2026-07-27,5,6.0,5.25,5.180120873245837
SKU-021,LED Panel Light A,Lighting,LOC-04,New Orleans,2026-08-03,2,5.0,6.5,5.006014547399737
SKU-021,LED Panel Light A,Lighting,LOC-04,New Orleans,2026-08-10,8,2.0,4.75,5.132770225476748
SKU-022,LED Panel Light B,Lighting,LOC-01,Los Angeles,2026-06-08,16,33.0,13.75,9.376870349943092
SKU-022,LED Panel Light B,Lighting,LOC-01,Los Angeles,2026-06-15,7,16.0,17.0,10.794859660945782
SKU-022,LED Panel Light B,Lighting,LOC-01,Los Angeles,2026-06-22,6,7.0,17.0,6.956410717647636
SKU-022,LED Panel Light B,Lighting,LOC-01,Los Angeles,2026-06-29,9,6.0,15.5,6.415012776774926
SKU-022,LED Panel Light B,Lighting,LOC-01,Los Angeles,2026-07-06,3,9.0,9.5,8.251852763685736
SKU-022,LED Panel Light B,Lighting,LOC-01,Los Angeles,2026-07-13,8,3.0,6.25,4.498252353638118
SKU-022,LED Panel Light B,Lighting,LOC-01,Los Angeles,2026-07-20,26,8.0,6.5,17.671529113762823
SKU-022,LED Panel Light B,Lighting,LOC-01,Los Angeles,2026-07-27,4,26.0,11.5,4.713933592784939
SKU-022,LED Panel Light B,Lighting,LOC-01,Los Angeles,2026-08-03,0,4.0,10.25,0.2099925264327334
SKU-022,LED Panel Light B,Lighting,LOC-01,Los Angeles,2026-08-10,2,0.0,9.5,4.745280091451863
SKU-022,LED Panel Light B,Lighting,LOC-02,Atlanta,2026-06-08,11,7.0,6.25,18.917337578860568
SKU-022,LED Panel Light B,Lighting,LOC-02,Atlanta,2026-06-15,21,11.0,7.5,10.09176513388433
SKU-022,LED Panel Light B,Lighting,LOC-02,Atlanta,2026-06-22,21,21.0,11.0,19.70744004535369
SKU-022,LED Panel Light B,Lighting,LOC-02,Atlanta,2026-06-29,11,21.0,15.0,9.692824430611257
SKU-022,LED Panel Light B,Lighting,LOC-02,Atlanta,2026-07-06,24,11.0,16.0,20.68579073710318
SKU-022,LED Panel Light B,Lighting,LOC-02,Atlanta,2026-07-13,3,24.0,19.25,4.515085884511091
SKU-022,LED Panel Light B,Lighting,LOC-02,Atlanta,2026-07-20,12,3.0,14.75,17.95555317706913
SKU-022,LED Panel Light B,Lighting,LOC-02,Atlanta,2026-07-27,10,12.0,12.5,8.478666514933725
SKU-022,LED Panel Light B,Lighting,LOC-02,Atlanta,2026-08-03,4,10.0,12.25,8.238335009942531
SKU-022,LED Panel Light B,Lighting,LOC-02,Atlanta,2026-08-10,2,4.0,7.25,8.886515510943726
SKU-022,LED Panel Light B,Lighting,LOC-03,New York,2026-06-08,3,10.0,5.25,3.628045813836973
SKU-022,LED Panel Light B,Lighting,LOC-03,New York,2026-06-15,11,3.0,5.0,9.54197737268392
SKU-022,LED Panel Light B,Lighting,LOC-03,New York,2026-06-22,4,11.0,6.25,4.797606770755783
SKU-022,LED Panel Light B,Lighting,LOC-03,New York,2026-06-29,14,4.0,7.0,16.292727145601333
SKU-022,LED Panel Light B,Lighting,LOC-03,New York,2026-07-06,12,14.0,8.0,11.153403317834965
SKU-022,LED Panel Light B,Lighting,LOC-03,New York,2026-07-13,8,12.0,10.25,4.075859768201568
SKU-022,LED Panel Light B,Lighting,LOC-03,New York,2026-07-20,2,8.0,9.5,3.621415737810009
SKU-022,LED Panel Light B,Lighting,LOC-03,New York,2026-07-27,0,2.0,9.0,0.1670061889903662
SKU-022,LED Panel Light B,Lighting,LOC-03,New York,2026-08-03,5,0.0,5.5,4.162393849342297
SKU-022,LED Panel Light B,Lighting,LOC-03,New York,2026-08-10,4,5.0,3.75,3.9685029623253545
SKU-022,LED Panel Light B,Lighting,LOC-04,New Orleans,2026-06-08,19,0.0,6.0,13.81533678617722
SKU-022,LED Panel Light B,Lighting,LOC-04,New Orleans,2026-06-15,5,19.0,8.75,16.88113786551379
SKU-022,LED Panel Light B,Lighting,LOC-04,New Orleans,2026-06-22,9,5.0,6.5,9.139412276905553
SKU-022,LED Panel Light B,Lighting,LOC-04,New Orleans,2026-06-29,0,9.0,8.25,0.2867794660505963
SKU-022,LED Panel Light B,Lighting,LOC-04,New Orleans,2026-07-06,11,0.0,8.25,13.704993416814771
SKU-022,LED Panel Light B,Lighting,LOC-04,New Orleans,2026-07-13,4,11.0,6.25,3.890313764471704
SKU-022,LED Panel Light B,Lighting,LOC-04,New Orleans,2026-07-20,62,4.0,6.0,6.73625049953465
SKU-022,LED Panel Light B,Lighting,LOC-04,New Orleans,2026-07-27,7,62.0,19.25,7.659859525079671
SKU-022,LED Panel Light B,Lighting,LOC-04,New Orleans,2026-08-03,4,7.0,21.0,7.888393711003036
SKU-022,LED Panel Light B,Lighting,LOC-04,New Orleans,2026-08-10,8,4.0,19.25,8.158162059792254
SKU-023,Fresnel Light 650W,Lighting,LOC-01,Los Angeles,2026-06-08,16,31.0,16.0,9.234320250740454
SKU-023,Fresnel Light 650W,Lighting,LOC-01,Los Angeles,2026-06-15,10,16.0,18.25,10.151959954356172
SKU-023,Fresnel Light 650W,Lighting,LOC-01,Los Angeles,2026-06-22,3,10.0,17.25,7.085836549974999
SKU-023,Fresnel Light 650W,Lighting,LOC-01,Los Angeles,2026-06-29,3,3.0,15.0,6.55906295539264
SKU-023,Fresnel Light 650W,Lighting,LOC-01,Los Angeles,2026-07-06,8,3.0,8.0,9.33385092731224
SKU-023,Fresnel Light 650W,Lighting,LOC-01,Los Angeles,2026-07-13,17,8.0,6.0,5.046369481962335
SKU-023,Fresnel Light 650W,Lighting,LOC-01,Los Angeles,2026-07-20,28,17.0,7.75,20.843888333781265
SKU-023,Fresnel Light 650W,Lighting,LOC-01,Los Angeles,2026-07-27,2,28.0,14.0,4.116141119897909
SKU-023,Fresnel Light 650W,Lighting,LOC-01,Los Angeles,2026-08-03,0,2.0,13.75,0.3240686363852921
SKU-023,Fresnel Light 650W,Lighting,LOC-01,Los Angeles,2026-08-10,7,0.0,11.75,5.105681854831716
SKU-023,Fresnel Light 650W,Lighting,LOC-02,Atlanta,2026-06-08,8,9.0,5.5,23.5735313412653
SKU-023,Fresnel Light 650W,Lighting,LOC-02,Atlanta,2026-06-15,18,8.0,6.25,10.287858916495072
SKU-023,Fresnel Light 650W,Lighting,LOC-02,Atlanta,2026-06-22,16,18.0,10.5,21.33559939010004
SKU-023,Fresnel Light 650W,Lighting,LOC-02,Atlanta,2026-06-29,9,16.0,12.75,8.481313656720125
SKU-023,Fresnel Light 650W,Lighting,LOC-02,Atlanta,2026-07-06,25,9.0,12.75,23.01372617127116
SKU-023,Fresnel Light 650W,Lighting,LOC-02,Atlanta,2026-07-13,9,25.0,17.0,4.559624508212254
SKU-023,Fresnel Light 650W,Lighting,LOC-02,Atlanta,2026-07-20,28,9.0,14.75,20.5020499210262
SKU-023,Fresnel Light 650W,Lighting,LOC-02,Atlanta,2026-07-27,12,28.0,17.75,9.75894539674294
SKU-023,Fresnel Light 650W,Lighting,LOC-02,Atlanta,2026-08-03,7,12.0,18.5,11.319356635878185
SKU-023,Fresnel Light 650W,Lighting,LOC-02,Atlanta,2026-08-10,4,7.0,14.0,8.652950479676429
SKU-023,Fresnel Light 650W,Lighting,LOC-03,New York,2026-06-08,5,7.0,5.25,3.8580204503549833
SKU-023,Fresnel Light 650W,Lighting,LOC-03,New York,2026-06-15,17,5.0,4.25,9.182747683453435
SKU-023,Fresnel Light 650W,Lighting,LOC-03,New York,2026-06-22,3,17.0,7.75,4.8624610923902
SKU-023,Fresnel Light 650W,Lighting,LOC-03,New York,2026-06-29,18,3.0,8.0,15.881206186664212
SKU-023,Fresnel Light 650W,Lighting,LOC-03,New York,2026-07-06,13,18.0,10.75,9.839819201076663
SKU-023,Fresnel Light 650W,Lighting,LOC-03,New York,2026-07-13,7,13.0,12.75,4.363508444802708
SKU-023,Fresnel Light 650W,Lighting,LOC-03,New York,2026-07-20,2,7.0,10.25,3.625191922074257
SKU-023,Fresnel Light 650W,Lighting,LOC-03,New York,2026-07-27,1,2.0,10.0,0.2201213325812619
SKU-023,Fresnel Light 650W,Lighting,LOC-03,New York,2026-08-03,7,1.0,5.75,4.316968961110746
SKU-023,Fresnel Light 650W,Lighting,LOC-03,New York,2026-08-10,3,7.0,4.25,4.0794037341133365
SKU-023,Fresnel Light 650W,Lighting,LOC-04,New Orleans,2026-06-08,22,0.0,7.5,13.53906346520544
SKU-023,Fresnel Light 650W,Lighting,LOC-04,New Orleans,2026-06-15,10,22.0,10.5,18.122894493342745
SKU-023,Fresnel Light 650W,Lighting,LOC-04,New Orleans,2026-06-22,9,10.0,8.25,9.09871026052405
SKU-023,Fresnel Light 650W,Lighting,LOC-04,New Orleans,2026-06-29,0,9.0,10.25,0.2716517709087385
SKU-023,Fresnel Light 650W,Lighting,LOC-04,New Orleans,2026-07-06,22,0.0,10.25,14.319602586820547
SKU-023,Fresnel Light 650W,Lighting,LOC-04,New Orleans,2026-07-13,5,22.0,10.25,4.138431169398098
SKU-023,Fresnel Light 650W,Lighting,LOC-04,New Orleans,2026-07-20,6,5.0,9.0,7.064279966373886
SKU-023,Fresnel Light 650W,Lighting,LOC-04,New Orleans,2026-07-27,11,6.0,8.25,7.73669421746707
SKU-023,Fresnel Light 650W,Lighting,LOC-04,New Orleans,2026-08-03,5,11.0,11.0,6.029956080193513
SKU-023,Fresnel Light 650W,Lighting,LOC-04,New Orleans,2026-08-10,10,5.0,6.75,8.481735042299743
SKU-024,Fresnel Light 1000W,Lighting,LOC-01,Los Angeles,2026-06-08,9,12.0,10.75,4.749782302214194
SKU-024,Fresnel Light 1000W,Lighting,LOC-01,Los Angeles,2026-06-15,6,9.0,12.25,4.77093921930526
SKU-024,Fresnel Light 1000W,Lighting,LOC-01,Los Angeles,2026-06-22,0,6.0,8.25,3.4076651383177303
SKU-024,Fresnel Light 1000W,Lighting,LOC-01,Los Angeles,2026-06-29,2,0.0,6.75,3.60804948829853
SKU-024,Fresnel Light 1000W,Lighting,LOC-01,Los Angeles,2026-07-06,7,2.0,4.25,4.745628111092176
SKU-024,Fresnel Light 1000W,Lighting,LOC-01,Los Angeles,2026-07-13,1,7.0,3.75,2.4775598552829643
SKU-024,Fresnel Light 1000W,Lighting,LOC-01,Los Angeles,2026-07-20,10,1.0,2.5,6.788480808963388
SKU-024,Fresnel Light 1000W,Lighting,LOC-01,Los Angeles,2026-07-27,1,10.0,5.0,1.7133607589157978
SKU-024,Fresnel Light 1000W,Lighting,LOC-01,Los Angeles,2026-08-03,0,1.0,4.75,0.1227136073176214
SKU-024,Fresnel Light 1000W,Lighting,LOC-01,Los Angeles,2026-08-10,0,0.0,3.0,1.9248827186434536
SKU-024,Fresnel Light 1000W,Lighting,LOC-02,Atlanta,2026-06-08,2,1.0,2.0,6.534092714469914
SKU-024,Fresnel Light 1000W,Lighting,LOC-02,Atlanta,2026-06-15,12,2.0,2.0,4.295035497492695
SKU-024,Fresnel Light 1000W,Lighting,LOC-02,Atlanta,2026-06-22,7,12.0,4.0,7.9053991624816256
SKU-024,Fresnel Light 1000W,Lighting,LOC-02,Atlanta,2026-06-29,5,7.0,5.5,4.616961444450285
SKU-024,Fresnel Light 1000W,Lighting,LOC-02,Atlanta,2026-07-06,12,5.0,6.5,7.442353102937968
SKU-024,Fresnel Light 1000W,Lighting,LOC-02,Atlanta,2026-07-13,1,12.0,9.0,2.0142837515878567
SKU-024,Fresnel Light 1000W,Lighting,LOC-02,Atlanta,2026-07-20,11,1.0,6.25,6.794239001427656
SKU-024,Fresnel Light 1000W,Lighting,LOC-02,Atlanta,2026-07-27,5,11.0,7.25,4.628665130844022
SKU-024,Fresnel Light 1000W,Lighting,LOC-02,Atlanta,2026-08-03,3,5.0,7.25,4.434510022799655
SKU-024,Fresnel Light 1000W,Lighting,LOC-02,Atlanta,2026-08-10,4,3.0,5.0,5.076605567581829
SKU-024,Fresnel Light 1000W,Lighting,LOC-03,New York,2026-06-08,1,6.0,2.25,1.815799465451014
SKU-024,Fresnel Light 1000W,Lighting,LOC-03,New York,2026-06-15,5,1.0,1.75,4.79421419367892
SKU-024,Fresnel Light 1000W,Lighting,LOC-03,New York,2026-06-22,2,5.0,3.0,2.669590289678011
SKU-024,Fresnel Light 1000W,Lighting,LOC-03,New York,2026-06-29,8,2.0,3.5,6.771704066567219
SKU-024,Fresnel Light 1000W,Lighting,LOC-03,New York,2026-07-06,3,8.0,4.0,5.705627970056236
SKU-024,Fresnel Light 1000W,Lighting,LOC-03,New York,2026-07-13,1,3.0,4.5,1.81806822538584
SKU-024,Fresnel Light 1000W,Lighting,LOC-03,New York,2026-07-20,0,1.0,3.5,1.7440095157793396
SKU-024,Fresnel Light 1000W,Lighting,LOC-03,New York,2026-07-27,0,0.0,3.0,0.1062944147034771
SKU-024,Fresnel Light 1000W,Lighting,LOC-03,New York,2026-08-03,1,0.0,1.0,1.7432703422718543
SKU-024,Fresnel Light 1000W,Lighting,LOC-03,New York,2026-08-10,4,1.0,0.5,1.848610188788832
SKU-024,Fresnel Light 1000W,Lighting,LOC-04,New Orleans,2026-06-08,5,0.0,2.25,6.590996603458832
SKU-024,Fresnel Light 1000W,Lighting,LOC-04,New Orleans,2026-06-15,6,5.0,3.0,7.802395765370058
SKU-024,Fresnel Light 1000W,Lighting,LOC-04,New Orleans,2026-06-22,1,6.0,2.75,4.665608909375189
SKU-024,Fresnel Light 1000W,Lighting,LOC-04,New Orleans,2026-06-29,0,1.0,3.0,0.1010322019750469
SKU-024,Fresnel Light 1000W,Lighting,LOC-04,New Orleans,2026-07-06,6,0.0,3.0,7.237938202118022
SKU-024,Fresnel Light 1000W,Lighting,LOC-04,New Orleans,2026-07-13,4,6.0,3.25,1.8448819847707736
SKU-024,Fresnel Light 1000W,Lighting,LOC-04,New Orleans,2026-07-20,2,4.0,2.75,2.7604379214610435
SKU-024,Fresnel Light 1000W,Lighting,LOC-04,New Orleans,2026-07-27,2,2.0,3.0,2.7380164144097177
SKU-024,Fresnel Light 1000W,Lighting,LOC-04,New Orleans,2026-08-03,2,2.0,3.5,2.601135939062443
SKU-024,Fresnel Light 1000W,Lighting,LOC-04,New Orleans,2026-08-10,5,2.0,2.5,2.3421204515896368
SKU-025,HMI Light 1200W,Lighting,LOC-01,Los Angeles,2026-06-08,17,21.0,9.0,6.845940038400697
SKU-025,HMI Light 1200W,Lighting,LOC-01,Los Angeles,2026-06-15,10,17.0,13.0,7.210092058433738
SKU-025,HMI Light 1200W,Lighting,LOC-01,Los Angeles,2026-06-22,3,10.0,13.25,5.261858879296304
SKU-025,HMI Light 1200W,Lighting,LOC-01,Los Angeles,2026-06-29,4,3.0,12.75,5.351564761500814
SKU-025,HMI Light 1200W,Lighting,LOC-01,Los Angeles,2026-07-06,6,4.0,8.5,6.938534186364177
SKU-025,HMI Light 1200W,Lighting,LOC-01,Los Angeles,2026-07-13,3,6.0,5.75,4.14121133694434
SKU-025,HMI Light 1200W,Lighting,LOC-01,Los Angeles,2026-07-20,16,3.0,4.0,12.284615171113623
SKU-025,HMI Light 1200W,Lighting,LOC-01,Los Angeles,2026-07-27,6,16.0,7.25,3.432690601138443
SKU-025,HMI Light 1200W,Lighting,LOC-01,Los Angeles,2026-08-03,0,6.0,7.75,0.1430566688451605
SKU-025,HMI Light 1200W,Lighting,LOC-01,Los Angeles,2026-08-10,2,0.0,6.25,3.282746972975589
SKU-025,HMI Light 1200W,Lighting,LOC-02,Atlanta,2026-06-08,8,8.0,6.0,15.771531298335008
SKU-025,HMI Light 1200W,Lighting,LOC-02,Atlanta,2026-06-15,13,8.0,7.0,7.839952325278103
SKU-025,HMI Light 1200W,Lighting,LOC-02,Atlanta,2026-06-22,13,13.0,9.25,16.41183426922692
SKU-025,HMI Light 1200W,Lighting,LOC-02,Atlanta,2026-06-29,4,13.0,10.5,7.824758285590819
SKU-025,HMI Light 1200W,Lighting,LOC-02,Atlanta,2026-07-06,25,4.0,9.5,16.409933637511052
SKU-025,HMI Light 1200W,Lighting,LOC-02,Atlanta,2026-07-13,4,25.0,13.75,3.8633892295253904
SKU-025,HMI Light 1200W,Lighting,LOC-02,Atlanta,2026-07-20,19,4.0,11.5,14.805987290122616
SKU-025,HMI Light 1200W,Lighting,LOC-02,Atlanta,2026-07-27,8,19.0,13.0,7.641280768195847
SKU-025,HMI Light 1200W,Lighting,LOC-02,Atlanta,2026-08-03,6,8.0,14.0,6.993754650165559
SKU-025,HMI Light 1200W,Lighting,LOC-02,Atlanta,2026-08-10,3,6.0,9.25,7.189707596660355
SKU-025,HMI Light 1200W,Lighting,LOC-03,New York,2026-06-08,6,8.0,6.0,3.006980822327489
SKU-025,HMI Light 1200W,Lighting,LOC-03,New York,2026-06-15,10,6.0,6.0,6.626391849300306
SKU-025,HMI Light 1200W,Lighting,LOC-03,New York,2026-06-22,3,10.0,6.5,3.604005068881116
SKU-025,HMI Light 1200W,Lighting,LOC-03,New York,2026-06-29,17,3.0,6.75,14.787716982398193
SKU-025,HMI Light 1200W,Lighting,LOC-03,New York,2026-07-06,9,17.0,9.0,7.595576178817095
SKU-025,HMI Light 1200W,Lighting,LOC-03,New York,2026-07-13,7,9.0,9.75,3.561120982644454
SKU-025,HMI Light 1200W,Lighting,LOC-03,New York,2026-07-20,3,7.0,9.0,2.897175342245609
SKU-025,HMI Light 1200W,Lighting,LOC-03,New York,2026-07-27,0,3.0,9.0,0.135844036907943
SKU-025,HMI Light 1200W,Lighting,LOC-03,New York,2026-08-03,4,0.0,4.75,3.1347748834785527
SKU-025,HMI Light 1200W,Lighting,LOC-03,New York,2026-08-10,2,4.0,3.5,2.904157619120164
SKU-025,HMI Light 1200W,Lighting,LOC-04,New Orleans,2026-06-08,12,0.0,2.0,11.924471882458349
SKU-025,HMI Light 1200W,Lighting,LOC-04,New Orleans,2026-06-15,8,12.0,4.25,13.064114679192048
SKU-025,HMI Light 1200W,Lighting,LOC-04,New Orleans,2026-06-22,3,8.0,5.75,7.1451356167961215
SKU-025,HMI Light 1200W,Lighting,LOC-04,New Orleans,2026-06-29,0,3.0,5.75,0.1709100854518082
SKU-025,HMI Light 1200W,Lighting,LOC-04,New Orleans,2026-07-06,9,0.0,5.75,12.833822091524905
SKU-025,HMI Light 1200W,Lighting,LOC-04,New Orleans,2026-07-13,2,9.0,5.0,3.128904385278559
SKU-025,HMI Light 1200W,Lighting,LOC-04,New Orleans,2026-07-20,5,2.0,3.5,5.238254119429005
SKU-025,HMI Light 1200W,Lighting,LOC-04,New Orleans,2026-07-27,3,5.0,4.0,5.336997346396113
SKU-025,HMI Light 1200W,Lighting,LOC-04,New Orleans,2026-08-03,1,3.0,4.75,4.862538337143545
SKU-025,HMI Light 1200W,Lighting,LOC-04,New Orleans,2026-08-10,11,1.0,2.75,4.619905254161207
SKU-026,HMI Light 4000W,Lighting,LOC-01,Los Angeles,2026-06-08,12,16.0,7.75,6.974463202008284
SKU-026,HMI Light 4000W,Lighting,LOC-01,Los Angeles,2026-06-15,7,12.0,10.25,7.46241524755277
SKU-026,HMI Light 4000W,Lighting,LOC-01,Los Angeles,2026-06-22,1,7.0,10.5,5.202560571770839
SKU-026,HMI Light 4000W,Lighting,LOC-01,Los Angeles,2026-06-29,7,1.0,9.0,4.786839681505343
SKU-026,HMI Light 4000W,Lighting,LOC-01,Los Angeles,2026-07-06,8,7.0,6.75,7.42639990140704
SKU-026,HMI Light 4000W,Lighting,LOC-01,Los Angeles,2026-07-13,7,8.0,5.75,4.445168793356736
SKU-026,HMI Light 4000W,Lighting,LOC-01,Los Angeles,2026-07-20,19,7.0,5.75,14.167974006496236
SKU-026,HMI Light 4000W,Lighting,LOC-01,Los Angeles,2026-07-27,2,19.0,10.25,3.249727129200211
SKU-026,HMI Light 4000W,Lighting,LOC-01,Los Angeles,2026-08-03,0,2.0,9.0,0.1522075637357213
SKU-026,HMI Light 4000W,Lighting,LOC-01,Los Angeles,2026-08-10,3,0.0,7.0,3.961685852686725
SKU-026,HMI Light 4000W,Lighting,LOC-02,Atlanta,2026-06-08,6,2.0,2.75,11.605439637476268
SKU-026,HMI Light 4000W,Lighting,LOC-02,Atlanta,2026-06-15,8,6.0,3.5,7.466067256877631
SKU-026,HMI Light 4000W,Lighting,LOC-02,Atlanta,2026-06-22,13,8.0,5.0,16.520046931757875
SKU-026,HMI Light 4000W,Lighting,LOC-02,Atlanta,2026-06-29,8,13.0,7.25,8.707714265525127
SKU-026,HMI Light 4000W,Lighting,LOC-02,Atlanta,2026-07-06,19,8.0,8.75,16.315018485218353
SKU-026,HMI Light 4000W,Lighting,LOC-02,Atlanta,2026-07-13,0,19.0,12.0,3.294134567265384
SKU-026,HMI Light 4000W,Lighting,LOC-02,Atlanta,2026-07-20,20,0.0,10.0,16.48833483598789
SKU-026,HMI Light 4000W,Lighting,LOC-02,Atlanta,2026-07-27,8,20.0,11.75,7.201565785616984
SKU-026,HMI Light 4000W,Lighting,LOC-02,Atlanta,2026-08-03,3,8.0,11.75,7.221608906320111
SKU-026,HMI Light 4000W,Lighting,LOC-02,Atlanta,2026-08-10,3,3.0,7.75,7.156715486904554
SKU-026,HMI Light 4000W,Lighting,LOC-03,New York,2026-06-08,6,6.0,2.5,2.84291590796174
SKU-026,HMI Light 4000W,Lighting,LOC-03,New York,2026-06-15,5,6.0,3.5,7.188117039528378
SKU-026,HMI Light 4000W,Lighting,LOC-03,New York,2026-06-22,2,5.0,4.25,3.4575773314853264
SKU-026,HMI Light 4000W,Lighting,LOC-03,New York,2026-06-29,14,2.0,4.75,14.930226389971711
SKU-026,HMI Light 4000W,Lighting,LOC-03,New York,2026-07-06,8,14.0,6.75,8.807439209397941
SKU-026,HMI Light 4000W,Lighting,LOC-03,New York,2026-07-13,9,8.0,7.25,3.516321948686025
SKU-026,HMI Light 4000W,Lighting,LOC-03,New York,2026-07-20,2,9.0,8.25,2.9770121649787185
SKU-026,HMI Light 4000W,Lighting,LOC-03,New York,2026-07-27,0,2.0,8.25,0.166309194892558
SKU-026,HMI Light 4000W,Lighting,LOC-03,New York,2026-08-03,8,0.0,4.75,3.152585787583713
SKU-026,HMI Light 4000W,Lighting,LOC-03,New York,2026-08-10,1,8.0,4.75,3.183335727674492
SKU-026,HMI Light 4000W,Lighting,LOC-04,New Orleans,2026-06-08,10,0.0,6.25,12.46362794376492
SKU-026,HMI Light 4000W,Lighting,LOC-04,New Orleans,2026-06-15,4,10.0,7.25,13.785393538933112
SKU-026,HMI Light 4000W,Lighting,LOC-04,New Orleans,2026-06-22,6,4.0,4.0,7.023842803343187
SKU-026,HMI Light 4000W,Lighting,LOC-04,New Orleans,2026-06-29,1,6.0,5.0,0.141899235050684
SKU-026,HMI Light 4000W,Lighting,LOC-04,New Orleans,2026-07-06,11,1.0,5.25,13.387136392137409
SKU-026,HMI Light 4000W,Lighting,LOC-04,New Orleans,2026-07-13,2,11.0,5.5,3.0508420888231043
SKU-026,HMI Light 4000W,Lighting,LOC-04,New Orleans,2026-07-20,7,2.0,5.0,5.221837370476943
SKU-026,HMI Light 4000W,Lighting,LOC-04,New Orleans,2026-07-27,7,7.0,5.25,5.839373596714943
SKU-026,HMI Light 4000W,Lighting,LOC-04,New Orleans,2026-08-03,2,7.0,6.75,6.020029978324511
SKU-026,HMI Light 4000W,Lighting,LOC-04,New Orleans,2026-08-10,8,2.0,4.5,5.233411520850885
SKU-027,Softbox Kit A,Lighting,LOC-01,Los Angeles,2026-06-08,11,16.0,11.0,8.014194614814429
SKU-027,Softbox Kit A,Lighting,LOC-01,Los Angeles,2026-06-15,13,11.0,13.0,8.389926359935732
SKU-027,Softbox Kit A,Lighting,LOC-01,Los Angeles,2026-06-22,6,13.0,13.5,5.155909357363846
SKU-027,Softbox Kit A,Lighting,LOC-01,Los Angeles,2026-06-29,6,6.0,11.5,5.285855157886159
SKU-027,Softbox Kit A,Lighting,LOC-01,Los Angeles,2026-07-06,6,6.0,9.0,8.516363949877581
SKU-027,Softbox Kit A,Lighting,LOC-01,Los Angeles,2026-07-13,5,6.0,7.75,4.26390923839271
SKU-027,Softbox Kit A,Lighting,LOC-01,Los Angeles,2026-07-20,20,5.0,5.75,12.480147553195184
SKU-027,Softbox Kit A,Lighting,LOC-01,Los Angeles,2026-07-27,1,20.0,9.25,3.765068782369152
SKU-027,Softbox Kit A,Lighting,LOC-01,Los Angeles,2026-08-03,0,1.0,8.0,0.2060852611235079
SKU-027,Softbox Kit A,Lighting,LOC-01,Los Angeles,2026-08-10,5,0.0,6.5,5.094828310517364
SKU-027,Softbox Kit A,Lighting,LOC-02,Atlanta,2026-06-08,13,5.0,4.5,12.68230128085059
SKU-027,Softbox Kit A,Lighting,LOC-02,Atlanta,2026-06-15,17,13.0,7.75,8.586555896742038
SKU-027,Softbox Kit A,Lighting,LOC-02,Atlanta,2026-06-22,19,17.0,10.75,15.627695344319662
SKU-027,Softbox Kit A,Lighting,LOC-02,Atlanta,2026-06-29,15,19.0,13.5,8.513403550928086
SKU-027,Softbox Kit A,Lighting,LOC-02,Atlanta,2026-07-06,31,15.0,16.0,17.31445455353585
SKU-027,Softbox Kit A,Lighting,LOC-02,Atlanta,2026-07-13,2,31.0,20.5,4.316896587959146
SKU-027,Softbox Kit A,Lighting,LOC-02,Atlanta,2026-07-20,28,2.0,16.75,15.2471272502625
SKU-027,Softbox Kit A,Lighting,LOC-02,Atlanta,2026-07-27,8,28.0,19.0,7.986688758302393
SKU-027,Softbox Kit A,Lighting,LOC-02,Atlanta,2026-08-03,9,8.0,17.25,8.657793746689983
SKU-027,Softbox Kit A,Lighting,LOC-02,Atlanta,2026-08-10,1,9.0,11.75,8.225439532243477
SKU-027,Softbox Kit A,Lighting,LOC-03,New York,2026-06-08,2,4.0,3.25,3.1267007234894204
SKU-027,Softbox Kit A,Lighting,LOC-03,New York,2026-06-15,8,2.0,2.0,8.591471385845063
SKU-027,Softbox Kit A,Lighting,LOC-03,New York,2026-06-22,2,8.0,3.5,4.255960022640664
SKU-027,Softbox Kit A,Lighting,LOC-03,New York,2026-06-29,24,2.0,4.0,14.51824304254682
SKU-027,Softbox Kit A,Lighting,LOC-03,New York,2026-07-06,15,24.0,9.0,8.72160368705688
SKU-027,Softbox Kit A,Lighting,LOC-03,New York,2026-07-13,7,15.0,12.25,3.599362590897047
SKU-027,Softbox Kit A,Lighting,LOC-03,New York,2026-07-20,1,7.0,12.0,2.8315368774153318
SKU-027,Softbox Kit A,Lighting,LOC-03,New York,2026-07-27,0,1.0,11.75,0.2389902152544489
SKU-027,Softbox Kit A,Lighting,LOC-03,New York,2026-08-03,5,0.0,5.75,3.5110601553311924
SKU-027,Softbox Kit A,Lighting,LOC-03,New York,2026-08-10,5,5.0,3.25,3.1180440733135253
SKU-027,Softbox Kit A,Lighting,LOC-04,New Orleans,2026-06-08,12,0.0,4.75,13.60568209568579
SKU-027,Softbox Kit A,Lighting,LOC-04,New Orleans,2026-06-15,31,12.0,6.25,13.790201483489774
SKU-027,Softbox Kit A,Lighting,LOC-04,New Orleans,2026-06-22,7,31.0,11.5,7.34943899663874
SKU-027,Softbox Kit A,Lighting,LOC-04,New Orleans,2026-06-29,1,7.0,12.5,0.3168197702324973
SKU-027,Softbox Kit A,Lighting,LOC-04,New Orleans,2026-07-06,9,1.0,12.75,13.680828095481614
SKU-027,Softbox Kit A,Lighting,LOC-04,New Orleans,2026-07-13,1,9.0,12.0,3.63199664475046
SKU-027,Softbox Kit A,Lighting,LOC-04,New Orleans,2026-07-20,7,1.0,4.5,4.865123116603739
SKU-027,Softbox Kit A,Lighting,LOC-04,New Orleans,2026-07-27,6,7.0,4.5,6.328858627777169
SKU-027,Softbox Kit A,Lighting,LOC-04,New Orleans,2026-08-03,5,6.0,5.75,5.9130777836651065
SKU-027,Softbox Kit A,Lighting,LOC-04,New Orleans,2026-08-10,10,5.0,4.75,6.244011959762161
SKU-028,Ring Light A,Lighting,LOC-01,Los Angeles,2026-06-08,10,16.0,9.25,4.169550338756004
SKU-028,Ring Light A,Lighting,LOC-01,Los Angeles,2026-06-15,9,10.0,11.0,4.271202592279821
SKU-028,Ring Light A,Lighting,LOC-01,Los Angeles,2026-06-22,5,9.0,11.75,4.149438574233878
SKU-028,Ring Light A,Lighting,LOC-01,Los Angeles,2026-06-29,3,5.0,10.0,3.7357215319776103
SKU-028,Ring Light A,Lighting,LOC-01,Los Angeles,2026-07-06,8,3.0,6.75,6.5508330176921685
SKU-028,Ring Light A,Lighting,LOC-01,Los Angeles,2026-07-13,10,8.0,6.25,3.329626927963742
SKU-028,Ring Light A,Lighting,LOC-01,Los Angeles,2026-07-20,23,10.0,6.5,10.09211096629932
SKU-028,Ring Light A,Lighting,LOC-01,Los Angeles,2026-07-27,3,23.0,11.0,2.8322962465988866
SKU-028,Ring Light A,Lighting,LOC-01,Los Angeles,2026-08-03,0,3.0,11.0,0.3894483124510687
SKU-028,Ring Light A,Lighting,LOC-01,Los Angeles,2026-08-10,4,0.0,9.0,2.4637148007431886
SKU-028,Ring Light A,Lighting,LOC-02,Atlanta,2026-06-08,5,5.0,5.0,9.947612305390562
SKU-028,Ring Light A,Lighting,LOC-02,Atlanta,2026-06-15,11,5.0,4.75,5.123762520290045
SKU-028,Ring Light A,Lighting,LOC-02,Atlanta,2026-06-22,14,11.0,6.0,10.050746781410766
SKU-028,Ring Light A,Lighting,LOC-02,Atlanta,2026-06-29,23,14.0,8.75,5.980247121796565
SKU-028,Ring Light A,Lighting,LOC-02,Atlanta,2026-07-06,14,23.0,13.25,10.838998116535068
SKU-028,Ring Light A,Lighting,LOC-02,Atlanta,2026-07-13,2,14.0,15.5,2.7776887221807685
SKU-028,Ring Light A,Lighting,LOC-02,Atlanta,2026-07-20,9,2.0,13.25,10.712422255894872
SKU-028,Ring Light A,Lighting,LOC-02,Atlanta,2026-07-27,3,9.0,12.0,5.720332052678092
SKU-028,Ring Light A,Lighting,LOC-02,Atlanta,2026-08-03,3,3.0,7.0,4.901990679587342
SKU-028,Ring Light A,Lighting,LOC-02,Atlanta,2026-08-10,2,3.0,4.25,5.004735923658333
SKU-028,Ring Light A,Lighting,LOC-03,New York,2026-06-08,1,4.0,3.75,2.589497904380633
SKU-028,Ring Light A,Lighting,LOC-03,New York,2026-06-15,11,1.0,2.5,4.313131918324881
SKU-028,Ring Light A,Lighting,LOC-03,New York,2026-06-22,3,11.0,4.5,3.052020260713844
SKU-028,Ring Light A,Lighting,LOC-03,New York,2026-06-29,7,3.0,4.75,8.95272350342368
SKU-028,Ring Light A,Lighting,LOC-03,New York,2026-07-06,7,7.0,5.5,7.343907380946697
SKU-028,Ring Light A,Lighting,LOC-03,New York,2026-07-13,2,7.0,7.0,2.633541936884732
SKU-028,Ring Light A,Lighting,LOC-03,New York,2026-07-20,1,2.0,4.75,2.1754833345345874
SKU-028,Ring Light A,Lighting,LOC-03,New York,2026-07-27,0,1.0,4.25,0.0799973927609134
SKU-028,Ring Light A,Lighting,LOC-03,New York,2026-08-03,4,0.0,2.5,2.707288013071929
SKU-028,Ring Light A,Lighting,LOC-03,New York,2026-08-10,0,4.0,1.75,2.718187001274272
SKU-028,Ring Light A,Lighting,LOC-04,New Orleans,2026-06-08,22,0.0,4.75,6.885667521057906
SKU-028,Ring Light A,Lighting,LOC-04,New Orleans,2026-06-15,6,22.0,8.5,11.828730882245466
SKU-028,Ring Light A,Lighting,LOC-04,New Orleans,2026-06-22,5,6.0,7.25,5.126472588859404
SKU-028,Ring Light A,Lighting,LOC-04,New Orleans,2026-06-29,0,5.0,8.25,0.1651527469873886
SKU-028,Ring Light A,Lighting,LOC-04,New Orleans,2026-07-06,8,0.0,8.25,8.654898828927287
SKU-028,Ring Light A,Lighting,LOC-04,New Orleans,2026-07-13,3,8.0,4.75,2.471213622706708
SKU-028,Ring Light A,Lighting,LOC-04,New Orleans,2026-07-20,3,3.0,4.0,3.9210098385333536
SKU-028,Ring Light A,Lighting,LOC-04,New Orleans,2026-07-27,6,3.0,3.5,3.390409699081597
SKU-028,Ring Light A,Lighting,LOC-04,New Orleans,2026-08-03,2,6.0,5.0,4.024950482886776
SKU-028,Ring Light A,Lighting,LOC-04,New Orleans,2026-08-10,4,2.0,3.5,3.208449695257344
SKU-029,Practical Light Kit A,Lighting,LOC-01,Los Angeles,2026-06-08,6,19.0,8.75,4.182360367210939
SKU-029,Practical Light Kit A,Lighting,LOC-01,Los Angeles,2026-06-15,2,6.0,9.75,3.886131469026565
SKU-029,Practical Light Kit A,Lighting,LOC-01,Los Angeles,2026-06-22,1,2.0,8.25,3.3483024745768226
SKU-029,Practical Light Kit A,Lighting,LOC-01,Los Angeles,2026-06-29,4,1.0,7.0,3.540229836925111
SKU-029,Practical Light Kit A,Lighting,LOC-01,Los Angeles,2026-07-06,2,4.0,3.25,4.933917206233749
SKU-029,Practical Light Kit A,Lighting,LOC-01,Los Angeles,2026-07-13,5,2.0,2.25,3.332717222762847
SKU-029,Practical Light Kit A,Lighting,LOC-01,Los Angeles,2026-07-20,15,5.0,3.0,8.922164029045899
SKU-029,Practical Light Kit A,Lighting,LOC-01,Los Angeles,2026-07-27,1,15.0,6.5,2.949540243960675
SKU-029,Practical Light Kit A,Lighting,LOC-01,Los Angeles,2026-08-03,0,1.0,5.75,0.1065687995142008
SKU-029,Practical Light Kit A,Lighting,LOC-01,Los Angeles,2026-08-10,1,0.0,5.25,2.7249809243590994
SKU-029,Practical Light Kit A,Lighting,LOC-02,Atlanta,2026-06-08,4,4.0,3.25,9.388380336782292
SKU-029,Practical Light Kit A,Lighting,LOC-02,Atlanta,2026-06-15,9,4.0,4.0,4.736052186371641
SKU-029,Practical Light Kit A,Lighting,LOC-02,Atlanta,2026-06-22,6,9.0,5.25,9.471332134138043
SKU-029,Practical Light Kit A,Lighting,LOC-02,Atlanta,2026-06-29,7,6.0,5.75,5.958087563718928
SKU-029,Practical Light Kit A,Lighting,LOC-02,Atlanta,2026-07-06,14,7.0,6.5,10.080654496219564
SKU-029,Practical Light Kit A,Lighting,LOC-02,Atlanta,2026-07-13,2,14.0,9.0,2.4701624686386143
SKU-029,Practical Light Kit A,Lighting,LOC-02,Atlanta,2026-07-20,22,2.0,7.25,10.11088810975166
SKU-029,Practical Light Kit A,Lighting,LOC-02,Atlanta,2026-07-27,13,22.0,11.25,6.193896951314809
SKU-029,Practical Light Kit A,Lighting,LOC-02,Atlanta,2026-08-03,1,13.0,12.75,5.006078001082272
SKU-029,Practical Light Kit A,Lighting,LOC-02,Atlanta,2026-08-10,9,1.0,9.5,6.05115520818099
SKU-029,Practical Light Kit A,Lighting,LOC-03,New York,2026-06-08,0,4.0,3.5,2.564568661107566
SKU-029,Practical Light Kit A,Lighting,LOC-03,New York,2026-06-15,12,0.0,2.75,4.272751064458256
SKU-029,Practical Light Kit A,Lighting,LOC-03,New York,2026-06-22,4,12.0,4.75,2.8876334925239893
SKU-029,Practical Light Kit A,Lighting,LOC-03,New York,2026-06-29,12,4.0,5.0,8.840379071647753
SKU-029,Practical Light Kit A,Lighting,LOC-03,New York,2026-07-06,13,12.0,7.0,7.271843223849057
SKU-029,Practical Light Kit A,Lighting,LOC-03,New York,2026-07-13,4,13.0,10.25,2.8805208981064743
SKU-029,Practical Light Kit A,Lighting,LOC-03,New York,2026-07-20,4,4.0,8.25,2.0846752214144946
SKU-029,Practical Light Kit A,Lighting,LOC-03,New York,2026-07-27,0,4.0,8.25,0.1123659556878922
SKU-029,Practical Light Kit A,Lighting,LOC-03,New York,2026-08-03,4,0.0,5.25,2.412545750626655
SKU-029,Practical Light Kit A,Lighting,LOC-03,New York,2026-08-10,6,4.0,3.0,2.3257553578215764
SKU-029,Practical Light Kit A,Lighting,LOC-04,New Orleans,2026-06-08,11,0.0,2.5,6.108350242277631
SKU-029,Practical Light Kit A,Lighting,LOC-04,New Orleans,2026-06-15,7,11.0,5.0,8.690574544922777
SKU-029,Practical Light Kit A,Lighting,LOC-04,New Orleans,2026-06-22,1,7.0,4.75,5.216347574859608
SKU-029,Practical Light Kit A,Lighting,LOC-04,New Orleans,2026-06-29,0,1.0,4.75,0.0875116897978307
SKU-029,Practical Light Kit A,Lighting,LOC-04,New Orleans,2026-07-06,8,0.0,4.75,6.960647339554081
SKU-029,Practical Light Kit A,Lighting,LOC-04,New Orleans,2026-07-13,1,8.0,4.0,2.5370816806111303
SKU-029,Practical Light Kit A,Lighting,LOC-04,New Orleans,2026-07-20,2,1.0,2.5,3.310331966572244
SKU-029,Practical Light Kit A,Lighting,LOC-04,New Orleans,2026-07-27,4,2.0,2.75,3.142281225749896
SKU-029,Practical Light Kit A,Lighting,LOC-04,New Orleans,2026-08-03,3,4.0,3.75,3.313017814281604
SKU-029,Practical Light Kit A,Lighting,LOC-04,New Orleans,2026-08-10,6,3.0,2.5,2.904388062389419
SKU-030,Light Stand Kit A,Lighting,LOC-01,Los Angeles,2026-06-08,10,25.0,12.75,8.188603504981259
SKU-030,Light Stand Kit A,Lighting,LOC-01,Los Angeles,2026-06-15,10,10.0,13.75,7.687974605310724
SKU-030,Light Stand Kit A,Lighting,LOC-01,Los Angeles,2026-06-22,3,10.0,13.25,5.890961020489364
SKU-030,Light Stand Kit A,Lighting,LOC-01,Los Angeles,2026-06-29,6,3.0,12.0,5.525713649044746
SKU-030,Light Stand Kit A,Lighting,LOC-01,Los Angeles,2026-07-06,6,6.0,7.25,8.650342147945723
SKU-030,Light Stand Kit A,Lighting,LOC-01,Los Angeles,2026-07-13,6,6.0,6.25,4.241399048548755
SKU-030,Light Stand Kit A,Lighting,LOC-01,Los Angeles,2026-07-20,14,6.0,5.25,15.498573077613235
SKU-030,Light Stand Kit A,Lighting,LOC-01,Los Angeles,2026-07-27,2,14.0,8.0,3.652020002242688
SKU-030,Light Stand Kit A,Lighting,LOC-01,Los Angeles,2026-08-03,0,2.0,7.0,0.4069169921281116
SKU-030,Light Stand Kit A,Lighting,LOC-01,Los Angeles,2026-08-10,7,0.0,5.5,4.400899397190812
SKU-030,Light Stand Kit A,Lighting,LOC-02,Atlanta,2026-06-08,10,7.0,9.25,16.445588488888966
SKU-030,Light Stand Kit A,Lighting,LOC-02,Atlanta,2026-06-15,18,10.0,11.0,8.174990652933216
SKU-030,Light Stand Kit A,Lighting,LOC-02,Atlanta,2026-06-22,16,18.0,14.75,16.45127641317587
SKU-030,Light Stand Kit A,Lighting,LOC-02,Atlanta,2026-06-29,9,16.0,12.75,9.177913465674626
SKU-030,Light Stand Kit A,Lighting,LOC-02,Atlanta,2026-07-06,17,9.0,13.25,17.52606334785555
SKU-030,Light Stand Kit A,Lighting,LOC-02,Atlanta,2026-07-13,1,17.0,15.0,4.6483020828590496
SKU-030,Light Stand Kit A,Lighting,LOC-02,Atlanta,2026-07-20,15,1.0,10.75,17.269426130364362
SKU-030,Light Stand Kit A,Lighting,LOC-02,Atlanta,2026-07-27,8,15.0,10.5,8.577686606791316
SKU-030,Light Stand Kit A,Lighting,LOC-02,Atlanta,2026-08-03,3,8.0,10.25,8.223664948610521
SKU-030,Light Stand Kit A,Lighting,LOC-02,Atlanta,2026-08-10,3,3.0,6.75,8.866045000298971
SKU-030,Light Stand Kit A,Lighting,LOC-03,New York,2026-06-08,4,7.0,5.0,3.4482059252212
SKU-030,Light Stand Kit A,Lighting,LOC-03,New York,2026-06-15,12,4.0,4.25,9.193089211921686
SKU-030,Light Stand Kit A,Lighting,LOC-03,New York,2026-06-22,1,12.0,6.75,4.760824961636427
SKU-030,Light Stand Kit A,Lighting,LOC-03,New York,2026-06-29,14,1.0,6.0,14.077852556527535
SKU-030,Light Stand Kit A,Lighting,LOC-03,New York,2026-07-06,12,14.0,7.75,9.467145903508518
SKU-030,Light Stand Kit A,Lighting,LOC-03,New York,2026-07-13,13,12.0,9.75,4.0992107321697455
SKU-030,Light Stand Kit A,Lighting,LOC-03,New York,2026-07-20,1,13.0,10.0,3.457096572100589
SKU-030,Light Stand Kit A,Lighting,LOC-03,New York,2026-07-27,0,1.0,10.0,0.3185081097639638
SKU-030,Light Stand Kit A,Lighting,LOC-03,New York,2026-08-03,4,0.0,6.5,3.872706887925433
SKU-030,Light Stand Kit A,Lighting,LOC-03,New York,2026-08-10,0,4.0,4.5,3.894752017898058
SKU-030,Light Stand Kit A,Lighting,LOC-04,New Orleans,2026-06-08,15,0.0,6.0,12.957349308181028
SKU-030,Light Stand Kit A,Lighting,LOC-04,New Orleans,2026-06-15,2,15.0,9.5,14.97573896097773
SKU-030,Light Stand Kit A,Lighting,LOC-04,New Orleans,2026-06-22,9,2.0,5.25,7.808343958923579
SKU-030,Light Stand Kit A,Lighting,LOC-04,New Orleans,2026-06-29,0,9.0,6.5,0.3056270515644
SKU-030,Light Stand Kit A,Lighting,LOC-04,New Orleans,2026-07-06,17,0.0,6.5,13.87488925563072
SKU-030,Light Stand Kit A,Lighting,LOC-04,New Orleans,2026-07-13,2,17.0,7.0,3.721335448495019
SKU-030,Light Stand Kit A,Lighting,LOC-04,New Orleans,2026-07-20,8,2.0,7.0,5.11412035782864
SKU-030,Light Stand Kit A,Lighting,LOC-04,New Orleans,2026-07-27,7,8.0,6.75,6.067168759503325
SKU-030,Light Stand Kit A,Lighting,LOC-04,New Orleans,2026-08-03,6,7.0,8.5,5.756435116926041
SKU-030,Light Stand Kit A,Lighting,LOC-04,New Orleans,2026-08-10,6,6.0,5.75,6.089326537774047
SKU-031,Dimmer/Board Controller A,Lighting,LOC-01,Los Angeles,2026-06-08,12,13.0,9.5,3.976301753358353
SKU-031,Dimmer/Board Controller A,Lighting,LOC-01,Los Angeles,2026-06-15,6,12.0,11.75,4.254042432336465
SKU-031,Dimmer/Board Controller A,Lighting,LOC-01,Los Angeles,2026-06-22,1,6.0,12.5,4.051839333523153
SKU-031,Dimmer/Board Controller A,Lighting,LOC-01,Los Angeles,2026-06-29,6,1.0,8.0,3.4642759797057887
SKU-031,Dimmer/Board Controller A,Lighting,LOC-01,Los Angeles,2026-07-06,1,6.0,6.25,5.980299062980952
SKU-031,Dimmer/Board Controller A,Lighting,LOC-01,Los Angeles,2026-07-13,2,1.0,3.5,3.1461402064953496
SKU-031,Dimmer/Board Controller A,Lighting,LOC-01,Los Angeles,2026-07-20,12,2.0,2.5,8.146760694786103
SKU-031,Dimmer/Board Controller A,Lighting,LOC-01,Los Angeles,2026-07-27,2,12.0,5.25,2.9643574513763777
SKU-031,Dimmer/Board Controller A,Lighting,LOC-01,Los Angeles,2026-08-03,0,2.0,4.25,0.083264562914021
SKU-031,Dimmer/Board Controller A,Lighting,LOC-01,Los Angeles,2026-08-10,2,0.0,4.0,2.354951457060232
SKU-031,Dimmer/Board Controller A,Lighting,LOC-02,Atlanta,2026-06-08,6,4.0,3.0,9.419842971490793
SKU-031,Dimmer/Board Controller A,Lighting,LOC-02,Atlanta,2026-06-15,8,6.0,3.5,4.992396871687774
SKU-031,Dimmer/Board Controller A,Lighting,LOC-02,Atlanta,2026-06-22,13,8.0,4.75,9.691701046726491
SKU-031,Dimmer/Board Controller A,Lighting,LOC-02,Atlanta,2026-06-29,9,13.0,7.75,6.381474135464296
SKU-031,Dimmer/Board Controller A,Lighting,LOC-02,Atlanta,2026-07-06,13,9.0,9.0,10.725041039156247
SKU-031,Dimmer/Board Controller A,Lighting,LOC-02,Atlanta,2026-07-13,5,13.0,10.75,2.572383858464536
SKU-031,Dimmer/Board Controller A,Lighting,LOC-02,Atlanta,2026-07-20,15,5.0,10.0,10.81250845604171
SKU-031,Dimmer/Board Controller A,Lighting,LOC-02,Atlanta,2026-07-27,11,15.0,10.5,6.331526516249975
SKU-031,Dimmer/Board Controller A,Lighting,LOC-02,Atlanta,2026-08-03,6,11.0,11.0,4.946032760037364
SKU-031,Dimmer/Board Controller A,Lighting,LOC-02,Atlanta,2026-08-10,1,6.0,9.25,6.062255424160964
SKU-031,Dimmer/Board Controller A,Lighting,LOC-03,New York,2026-06-08,5,4.0,2.5,2.5077968866336966
SKU-031,Dimmer/Board Controller A,Lighting,LOC-03,New York,2026-06-15,4,5.0,3.25,4.121652020926558
SKU-031,Dimmer/Board Controller A,Lighting,LOC-03,New York,2026-06-22,1,4.0,3.25,2.8346302441451368
SKU-031,Dimmer/Board Controller A,Lighting,LOC-03,New York,2026-06-29,9,1.0,3.5,8.464572403776579
SKU-031,Dimmer/Board Controller A,Lighting,LOC-03,New York,2026-07-06,3,9.0,4.75,7.420633049566221
SKU-031,Dimmer/Board Controller A,Lighting,LOC-03,New York,2026-07-13,2,3.0,4.25,2.861556706369896
SKU-031,Dimmer/Board Controller A,Lighting,LOC-03,New York,2026-07-20,2,2.0,3.75,2.1568731291551377
SKU-031,Dimmer/Board Controller A,Lighting,LOC-03,New York,2026-07-27,0,2.0,4.0,0.0563026745567224
SKU-031,Dimmer/Board Controller A,Lighting,LOC-03,New York,2026-08-03,2,0.0,1.75,2.7023821206131093
SKU-031,Dimmer/Board Controller A,Lighting,LOC-03,New York,2026-08-10,1,2.0,1.5,3.077390379827143
SKU-031,Dimmer/Board Controller A,Lighting,LOC-04,New Orleans,2026-06-08,4,0.0,2.25,6.827629150558501
SKU-031,Dimmer/Board Controller A,Lighting,LOC-04,New Orleans,2026-06-15,4,4.0,2.5,8.529456086679973
SKU-031,Dimmer/Board Controller A,Lighting,LOC-04,New Orleans,2026-06-22,3,4.0,2.0,5.423023263671402
SKU-031,Dimmer/Board Controller A,Lighting,LOC-04,New Orleans,2026-06-29,2,3.0,2.75,0.063082060603135
SKU-031,Dimmer/Board Controller A,Lighting,LOC-04,New Orleans,2026-07-06,14,2.0,3.25,9.155179743173242
SKU-031,Dimmer/Board Controller A,Lighting,LOC-04,New Orleans,2026-07-13,0,14.0,5.75,2.477317238177504
SKU-031,Dimmer/Board Controller A,Lighting,LOC-04,New Orleans,2026-07-20,4,0.0,4.75,3.397607684485732
SKU-031,Dimmer/Board Controller A,Lighting,LOC-04,New Orleans,2026-07-27,3,4.0,5.0,6.2927610681991055
SKU-031,Dimmer/Board Controller A,Lighting,LOC-04,New Orleans,2026-08-03,8,3.0,5.25,3.473513821023744
SKU-031,Dimmer/Board Controller A,Lighting,LOC-04,New Orleans,2026-08-10,2,8.0,3.75,2.837155205208937
SKU-032,Shotgun Microphone A,Audio,LOC-01,Los Angeles,2026-06-08,4,9.0,3.5,3.0435467485829726
SKU-032,Shotgun Microphone A,Audio,LOC-01,Los Angeles,2026-06-15,0,4.0,4.5,3.447238788493572
SKU-032,Shotgun Microphone A,Audio,LOC-01,Los Angeles,2026-06-22,0,0.0,3.5,1.0399916160134863
SKU-032,Shotgun Microphone A,Audio,LOC-01,Los Angeles,2026-06-29,0,0.0,3.25,1.0446199635419071
SKU-032,Shotgun Microphone A,Audio,LOC-01,Los Angeles,2026-07-06,0,0.0,1.0,2.154217364539881
SKU-032,Shotgun Microphone A,Audio,LOC-01,Los Angeles,2026-07-13,0,0.0,0.0,1.0094152213500849
SKU-032,Shotgun Microphone A,Audio,LOC-01,Los Angeles,2026-07-20,8,0.0,0.0,3.828453807754653
SKU-032,Shotgun Microphone A,Audio,LOC-01,Los Angeles,2026-07-27,1,8.0,2.0,0.8905921560547769
SKU-032,Shotgun Microphone A,Audio,LOC-01,Los Angeles,2026-08-03,0,1.0,2.25,0.0976130791198558
SKU-032,Shotgun Microphone A,Audio,LOC-01,Los Angeles,2026-08-10,2,0.0,2.25,0.9255430067797142
SKU-032,Shotgun Microphone A,Audio,LOC-02,Atlanta,2026-06-08,1,5.0,1.75,3.742081786247468
SKU-032,Shotgun Microphone A,Audio,LOC-02,Atlanta,2026-06-15,3,1.0,1.75,2.372396908080053
SKU-032,Shotgun Microphone A,Audio,LOC-02,Atlanta,2026-06-22,2,3.0,2.25,3.293887361632072
SKU-032,Shotgun Microphone A,Audio,LOC-02,Atlanta,2026-06-29,2,2.0,2.75,2.015601106765636
SKU-032,Shotgun Microphone A,Audio,LOC-02,Atlanta,2026-07-06,7,2.0,2.0,3.7110377271804182
SKU-032,Shotgun Microphone A,Audio,LOC-02,Atlanta,2026-07-13,2,7.0,3.5,0.6949993574741284
SKU-032,Shotgun Microphone A,Audio,LOC-02,Atlanta,2026-07-20,1,2.0,3.25,3.426819911543301
SKU-032,Shotgun Microphone A,Audio,LOC-02,Atlanta,2026-07-27,3,1.0,3.0,2.0860851633329043
SKU-032,Shotgun Microphone A,Audio,LOC-02,Atlanta,2026-08-03,0,3.0,3.25,1.9975215204743464
SKU-032,Shotgun Microphone A,Audio,LOC-02,Atlanta,2026-08-10,0,0.0,1.5,2.2365184640383307
SKU-032,Shotgun Microphone A,Audio,LOC-03,New York,2026-06-08,0,2.0,0.75,0.7988070277114758
SKU-032,Shotgun Microphone A,Audio,LOC-03,New York,2026-06-15,5,0.0,0.75,2.406438374918958
SKU-032,Shotgun Microphone A,Audio,LOC-03,New York,2026-06-22,0,5.0,2.0,1.0191573218962602
SKU-032,Shotgun Microphone A,Audio,LOC-03,New York,2026-06-29,4,0.0,1.75,3.2465559422617734
SKU-032,Shotgun Microphone A,Audio,LOC-03,New York,2026-07-06,1,4.0,2.25,2.9619607269027237
SKU-032,Shotgun Microphone A,Audio,LOC-03,New York,2026-07-13,1,1.0,2.5,0.8058473927422074
SKU-032,Shotgun Microphone A,Audio,LOC-03,New York,2026-07-20,0,1.0,1.5,0.7290641136796038
SKU-032,Shotgun Microphone A,Audio,LOC-03,New York,2026-07-27,0,0.0,1.5,0.043455562695936
SKU-032,Shotgun Microphone A,Audio,LOC-03,New York,2026-08-03,0,0.0,0.5,0.7840378238722565
SKU-032,Shotgun Microphone A,Audio,LOC-03,New York,2026-08-10,1,0.0,0.25,0.7692341900712926
SKU-032,Shotgun Microphone A,Audio,LOC-04,New Orleans,2026-06-08,2,0.0,1.5,2.9286732040070422
SKU-032,Shotgun Microphone A,Audio,LOC-04,New Orleans,2026-06-15,2,2.0,1.75,3.2571951645190604
SKU-032,Shotgun Microphone A,Audio,LOC-04,New Orleans,2026-06-22,1,2.0,1.0,2.204011726819557
SKU-032,Shotgun Microphone A,Audio,LOC-04,New Orleans,2026-06-29,0,1.0,1.25,0.0717809380869976
SKU-032,Shotgun Microphone A,Audio,LOC-04,New Orleans,2026-07-06,4,0.0,1.25,3.2405565596378443
SKU-032,Shotgun Microphone A,Audio,LOC-04,New Orleans,2026-07-13,0,4.0,1.75,0.7362404713493867
SKU-032,Shotgun Microphone A,Audio,LOC-04,New Orleans,2026-07-20,4,0.0,1.25,2.3336103934867483
SKU-032,Shotgun Microphone A,Audio,LOC-04,New Orleans,2026-07-27,0,4.0,2.0,2.634581212584908
SKU-032,Shotgun Microphone A,Audio,LOC-04,New Orleans,2026-08-03,2,0.0,2.0,2.4160713786587475
SKU-032,Shotgun Microphone A,Audio,LOC-04,New Orleans,2026-08-10,2,2.0,1.5,2.0649848913577533
SKU-033,Lavalier Mic Kit A,Audio,LOC-01,Los Angeles,2026-06-08,11,13.0,6.25,4.224097638060543
SKU-033,Lavalier Mic Kit A,Audio,LOC-01,Los Angeles,2026-06-15,6,11.0,8.75,4.188863295851406
SKU-033,Lavalier Mic Kit A,Audio,LOC-01,Los Angeles,2026-06-22,0,6.0,9.25,3.8204398907572137
SKU-033,Lavalier Mic Kit A,Audio,LOC-01,Los Angeles,2026-06-29,2,0.0,7.5,3.401621177399956
SKU-033,Lavalier Mic Kit A,Audio,LOC-01,Los Angeles,2026-07-06,29,2.0,4.75,5.644196361390794
SKU-033,Lavalier Mic Kit A,Audio,LOC-01,Los Angeles,2026-07-13,3,29.0,9.25,3.383019478491214
SKU-033,Lavalier Mic Kit A,Audio,LOC-01,Los Angeles,2026-07-20,21,3.0,8.5,10.2901959211053
SKU-033,Lavalier Mic Kit A,Audio,LOC-01,Los Angeles,2026-07-27,3,21.0,13.75,2.8147366692342803
SKU-033,Lavalier Mic Kit A,Audio,LOC-01,Los Angeles,2026-08-03,0,3.0,14.0,0.3793071127280188
SKU-033,Lavalier Mic Kit A,Audio,LOC-01,Los Angeles,2026-08-10,0,0.0,6.75,2.595873510863881
SKU-033,Lavalier Mic Kit A,Audio,LOC-02,Atlanta,2026-06-08,5,15.0,6.0,10.79640835530438
SKU-033,Lavalier Mic Kit A,Audio,LOC-02,Atlanta,2026-06-15,5,5.0,6.0,3.7351428464272254
SKU-033,Lavalier Mic Kit A,Audio,LOC-02,Atlanta,2026-06-22,5,5.0,6.5,7.604940017224287
SKU-033,Lavalier Mic Kit A,Audio,LOC-02,Atlanta,2026-06-29,9,5.0,7.5,5.372227041625844
SKU-033,Lavalier Mic Kit A,Audio,LOC-02,Atlanta,2026-07-06,10,9.0,6.0,10.13484139879027
SKU-033,Lavalier Mic Kit A,Audio,LOC-02,Atlanta,2026-07-13,1,10.0,7.25,2.434093563834901
SKU-033,Lavalier Mic Kit A,Audio,LOC-02,Atlanta,2026-07-20,4,1.0,6.25,8.390293679503664
SKU-033,Lavalier Mic Kit A,Audio,LOC-02,Atlanta,2026-07-27,11,4.0,6.0,5.601117127658683
SKU-033,Lavalier Mic Kit A,Audio,LOC-02,Atlanta,2026-08-03,3,11.0,6.5,5.42179222857369
SKU-033,Lavalier Mic Kit A,Audio,LOC-02,Atlanta,2026-08-10,1,3.0,4.75,5.000419194950183
SKU-033,Lavalier Mic Kit A,Audio,LOC-03,New York,2026-06-08,2,6.0,3.0,2.378874720520177
SKU-033,Lavalier Mic Kit A,Audio,LOC-03,New York,2026-06-15,12,2.0,3.25,3.8694285513754862
SKU-033,Lavalier Mic Kit A,Audio,LOC-03,New York,2026-06-22,0,12.0,5.5,2.6535740985723173
SKU-033,Lavalier Mic Kit A,Audio,LOC-03,New York,2026-06-29,6,0.0,5.0,7.7974469342384385
SKU-033,Lavalier Mic Kit A,Audio,LOC-03,New York,2026-07-06,2,6.0,5.0,6.306149614025719
SKU-033,Lavalier Mic Kit A,Audio,LOC-03,New York,2026-07-13,2,2.0,5.0,2.76592105506174
SKU-033,Lavalier Mic Kit A,Audio,LOC-03,New York,2026-07-20,3,2.0,2.5,2.2014440943105478
SKU-033,Lavalier Mic Kit A,Audio,LOC-03,New York,2026-07-27,0,3.0,3.25,0.0557106297130781
SKU-033,Lavalier Mic Kit A,Audio,LOC-03,New York,2026-08-03,2,0.0,1.75,2.6418492780414344
SKU-033,Lavalier Mic Kit A,Audio,LOC-03,New York,2026-08-10,2,2.0,1.75,2.5922977351004324
SKU-033,Lavalier Mic Kit A,Audio,LOC-04,New Orleans,2026-06-08,6,0.0,3.0,5.995992874529318
SKU-033,Lavalier Mic Kit A,Audio,LOC-04,New Orleans,2026-06-15,3,6.0,4.0,7.832152923276616
SKU-033,Lavalier Mic Kit A,Audio,LOC-04,New Orleans,2026-06-22,4,3.0,2.5,5.211037769845539
SKU-033,Lavalier Mic Kit A,Audio,LOC-04,New Orleans,2026-06-29,0,4.0,3.25,0.0815270773712014
SKU-033,Lavalier Mic Kit A,Audio,LOC-04,New Orleans,2026-07-06,7,0.0,3.25,7.28089293855772
SKU-033,Lavalier Mic Kit A,Audio,LOC-04,New Orleans,2026-07-13,2,7.0,3.5,2.330139356492205
SKU-033,Lavalier Mic Kit A,Audio,LOC-04,New Orleans,2026-07-20,17,2.0,3.25,3.842361677161081
SKU-033,Lavalier Mic Kit A,Audio,LOC-04,New Orleans,2026-07-27,6,17.0,6.5,3.954407520127341
SKU-033,Lavalier Mic Kit A,Audio,LOC-04,New Orleans,2026-08-03,10,6.0,8.0,3.622627744266678
SKU-033,Lavalier Mic Kit A,Audio,LOC-04,New Orleans,2026-08-10,8,10.0,8.75,6.157545794575282
SKU-034,Boom Pole Kit A,Audio,LOC-01,Los Angeles,2026-06-08,26,26.0,11.25,7.805312941881588
SKU-034,Boom Pole Kit A,Audio,LOC-01,Los Angeles,2026-06-15,13,26.0,17.0,8.077782282460177
SKU-034,Boom Pole Kit A,Audio,LOC-01,Los Angeles,2026-06-22,4,13.0,18.75,5.470342972802004
SKU-034,Boom Pole Kit A,Audio,LOC-01,Los Angeles,2026-06-29,2,4.0,17.25,5.4181806560161645
SKU-034,Boom Pole Kit A,Audio,LOC-01,Los Angeles,2026-07-06,4,2.0,11.25,8.075675857753513
SKU-034,Boom Pole Kit A,Audio,LOC-01,Los Angeles,2026-07-13,9,4.0,5.75,4.39113220833451
SKU-034,Boom Pole Kit A,Audio,LOC-01,Los Angeles,2026-07-20,32,9.0,4.75,17.72637914615747
SKU-034,Boom Pole Kit A,Audio,LOC-01,Los Angeles,2026-07-27,1,32.0,11.75,4.2678685991458325
SKU-034,Boom Pole Kit A,Audio,LOC-01,Los Angeles,2026-08-03,1,1.0,11.5,0.4592814070879113
SKU-034,Boom Pole Kit A,Audio,LOC-01,Los Angeles,2026-08-10,3,1.0,10.75,5.5048891483118085
SKU-034,Boom Pole Kit A,Audio,LOC-02,Atlanta,2026-06-08,7,20.0,7.25,19.07777448473511
SKU-034,Boom Pole Kit A,Audio,LOC-02,Atlanta,2026-06-15,8,7.0,8.25,7.74729856586479
SKU-034,Boom Pole Kit A,Audio,LOC-02,Atlanta,2026-06-22,9,8.0,9.5,17.637881474957098
SKU-034,Boom Pole Kit A,Audio,LOC-02,Atlanta,2026-06-29,9,9.0,11.0,8.149950792895362
SKU-034,Boom Pole Kit A,Audio,LOC-02,Atlanta,2026-07-06,7,9.0,8.25,17.603447625077585
SKU-034,Boom Pole Kit A,Audio,LOC-02,Atlanta,2026-07-13,4,7.0,8.25,3.59922766249519
SKU-034,Boom Pole Kit A,Audio,LOC-02,Atlanta,2026-07-20,20,4.0,7.25,16.82916481911315
SKU-034,Boom Pole Kit A,Audio,LOC-02,Atlanta,2026-07-27,10,20.0,10.0,8.30387058122743
SKU-034,Boom Pole Kit A,Audio,LOC-02,Atlanta,2026-08-03,7,10.0,10.25,8.509899211633043
SKU-034,Boom Pole Kit A,Audio,LOC-02,Atlanta,2026-08-10,4,7.0,10.25,8.38080522553466
SKU-034,Boom Pole Kit A,Audio,LOC-03,New York,2026-06-08,3,11.0,4.75,2.9305848446059657
SKU-034,Boom Pole Kit A,Audio,LOC-03,New York,2026-06-15,14,3.0,4.25,7.85283364690344
SKU-034,Boom Pole Kit A,Audio,LOC-03,New York,2026-06-22,2,14.0,7.5,4.157627867791421
SKU-034,Boom Pole Kit A,Audio,LOC-03,New York,2026-06-29,13,2.0,7.5,16.910316133550147
SKU-034,Boom Pole Kit A,Audio,LOC-03,New York,2026-07-06,9,13.0,8.0,8.471304899966212
SKU-034,Boom Pole Kit A,Audio,LOC-03,New York,2026-07-13,3,9.0,9.5,3.6657023930537127
SKU-034,Boom Pole Kit A,Audio,LOC-03,New York,2026-07-20,1,3.0,6.75,2.827879942462024
SKU-034,Boom Pole Kit A,Audio,LOC-03,New York,2026-07-27,0,1.0,6.5,0.3009711362745477
SKU-034,Boom Pole Kit A,Audio,LOC-03,New York,2026-08-03,3,0.0,3.25,3.251541450479358
SKU-034,Boom Pole Kit A,Audio,LOC-03,New York,2026-08-10,5,3.0,1.75,2.807464281264332
SKU-034,Boom Pole Kit A,Audio,LOC-04,New Orleans,2026-06-08,16,1.0,8.25,15.67828783103472
SKU-034,Boom Pole Kit A,Audio,LOC-04,New Orleans,2026-06-15,9,16.0,8.5,17.027008324994284
SKU-034,Boom Pole Kit A,Audio,LOC-04,New Orleans,2026-06-22,3,9.0,7.0,7.312073959026069
SKU-034,Boom Pole Kit A,Audio,LOC-04,New Orleans,2026-06-29,1,3.0,7.25,0.4896730627833671
SKU-034,Boom Pole Kit A,Audio,LOC-04,New Orleans,2026-07-06,10,1.0,7.25,16.152357617797932
SKU-034,Boom Pole Kit A,Audio,LOC-04,New Orleans,2026-07-13,3,10.0,5.75,3.164900066060752
SKU-034,Boom Pole Kit A,Audio,LOC-04,New Orleans,2026-07-20,13,3.0,4.25,6.234041235670379
SKU-034,Boom Pole Kit A,Audio,LOC-04,New Orleans,2026-07-27,7,13.0,6.75,6.202208089416708
SKU-034,Boom Pole Kit A,Audio,LOC-04,New Orleans,2026-08-03,10,7.0,8.25,6.67122347539268
SKU-034,Boom Pole Kit A,Audio,LOC-04,New Orleans,2026-08-10,7,10.0,8.25,6.380742695564764
SKU-035,Field Audio Recorder A,Audio,LOC-01,Los Angeles,2026-06-08,4,13.0,4.5,2.97011648128748
SKU-035,Field Audio Recorder A,Audio,LOC-01,Los Angeles,2026-06-15,6,4.0,5.5,3.063970547216448
SKU-035,Field Audio Recorder A,Audio,LOC-01,Los Angeles,2026-06-22,1,6.0,6.5,1.6463992539916157
SKU-035,Field Audio Recorder A,Audio,LOC-01,Los Angeles,2026-06-29,2,1.0,6.0,1.6063016542564994
SKU-035,Field Audio Recorder A,Audio,LOC-01,Los Angeles,2026-07-06,1,2.0,3.25,2.569149523463647
SKU-035,Field Audio Recorder A,Audio,LOC-01,Los Angeles,2026-07-13,6,1.0,2.5,1.01053907155243
SKU-035,Field Audio Recorder A,Audio,LOC-01,Los Angeles,2026-07-20,5,6.0,2.5,4.856050212329144
SKU-035,Field Audio Recorder A,Audio,LOC-01,Los Angeles,2026-07-27,3,5.0,3.5,0.9865463346291444
SKU-035,Field Audio Recorder A,Audio,LOC-01,Los Angeles,2026-08-03,0,3.0,3.75,0.0838032375321502
SKU-035,Field Audio Recorder A,Audio,LOC-01,Los Angeles,2026-08-10,1,0.0,3.5,1.5798321268931022
SKU-035,Field Audio Recorder A,Audio,LOC-02,Atlanta,2026-06-08,1,6.0,2.75,6.230825722738156
SKU-035,Field Audio Recorder A,Audio,LOC-02,Atlanta,2026-06-15,1,1.0,2.25,2.6081122284578147
SKU-035,Field Audio Recorder A,Audio,LOC-02,Atlanta,2026-06-22,7,1.0,2.5,4.1152810653039005
SKU-035,Field Audio Recorder A,Audio,LOC-02,Atlanta,2026-06-29,3,7.0,3.75,2.311396403959544
SKU-035,Field Audio Recorder A,Audio,LOC-02,Atlanta,2026-07-06,5,3.0,3.0,5.794572583422309
SKU-035,Field Audio Recorder A,Audio,LOC-02,Atlanta,2026-07-13,1,5.0,4.0,1.31868183281947
SKU-035,Field Audio Recorder A,Audio,LOC-02,Atlanta,2026-07-20,4,1.0,4.0,5.111309762626256
SKU-035,Field Audio Recorder A,Audio,LOC-02,Atlanta,2026-07-27,1,4.0,3.25,2.685669925987509
SKU-035,Field Audio Recorder A,Audio,LOC-02,Atlanta,2026-08-03,2,1.0,2.75,2.589308403506091
SKU-035,Field Audio Recorder A,Audio,LOC-02,Atlanta,2026-08-10,1,2.0,2.0,2.6439186807767743
SKU-035,Field Audio Recorder A,Audio,LOC-03,New York,2026-06-08,1,4.0,2.25,1.04306299435381
SKU-035,Field Audio Recorder A,Audio,LOC-03,New York,2026-06-15,17,1.0,1.25,2.605875094306709
SKU-035,Field Audio Recorder A,Audio,LOC-03,New York,2026-06-22,1,17.0,5.5,1.3207622397907333
SKU-035,Field Audio Recorder A,Audio,LOC-03,New York,2026-06-29,2,1.0,5.75,5.873836761893148
SKU-035,Field Audio Recorder A,Audio,LOC-03,New York,2026-07-06,0,2.0,5.25,2.364279786898502
SKU-035,Field Audio Recorder A,Audio,LOC-03,New York,2026-07-13,0,0.0,5.0,1.413212683547196
SKU-035,Field Audio Recorder A,Audio,LOC-03,New York,2026-07-20,1,0.0,0.75,1.1744392628978833
SKU-035,Field Audio Recorder A,Audio,LOC-03,New York,2026-07-27,0,1.0,0.75,0.0646560111812268
SKU-035,Field Audio Recorder A,Audio,LOC-03,New York,2026-08-03,2,0.0,0.25,1.6053764561408073
SKU-035,Field Audio Recorder A,Audio,LOC-03,New York,2026-08-10,2,2.0,0.75,1.8322180571507551
SKU-035,Field Audio Recorder A,Audio,LOC-04,New Orleans,2026-06-08,6,0.0,1.0,3.082210982272924
SKU-035,Field Audio Recorder A,Audio,LOC-04,New Orleans,2026-06-15,2,6.0,2.25,5.938139985667575
SKU-035,Field Audio Recorder A,Audio,LOC-04,New Orleans,2026-06-22,3,2.0,2.0,2.588149406329151
SKU-035,Field Audio Recorder A,Audio,LOC-04,New Orleans,2026-06-29,0,3.0,2.75,0.0690957685122727
SKU-035,Field Audio Recorder A,Audio,LOC-04,New Orleans,2026-07-06,6,0.0,2.75,3.7732242704222654
SKU-035,Field Audio Recorder A,Audio,LOC-04,New Orleans,2026-07-13,0,6.0,2.75,1.0037489359876133
SKU-035,Field Audio Recorder A,Audio,LOC-04,New Orleans,2026-07-20,5,0.0,2.25,2.217103145901865
SKU-035,Field Audio Recorder A,Audio,LOC-04,New Orleans,2026-07-27,18,5.0,2.75,2.3576084471079293
SKU-035,Field Audio Recorder A,Audio,LOC-04,New Orleans,2026-08-03,5,18.0,7.25,2.7727274097704147
SKU-035,Field Audio Recorder A,Audio,LOC-04,New Orleans,2026-08-10,3,5.0,7.0,2.800763177602897
SKU-036,Wireless Mic System A,Audio,LOC-01,Los Angeles,2026-06-08,10,19.0,6.5,4.194090370671126
SKU-036,Wireless Mic System A,Audio,LOC-01,Los Angeles,2026-06-15,5,10.0,8.75,4.450276612719333
SKU-036,Wireless Mic System A,Audio,LOC-01,Los Angeles,2026-06-22,2,5.0,10.0,3.180391900277786
SKU-036,Wireless Mic System A,Audio,LOC-01,Los Angeles,2026-06-29,2,2.0,9.0,3.3314643805947592
SKU-036,Wireless Mic System A,Audio,LOC-01,Los Angeles,2026-07-06,2,2.0,4.75,4.681227931091507
SKU-036,Wireless Mic System A,Audio,LOC-01,Los Angeles,2026-07-13,4,2.0,2.75,2.214252394239061
SKU-036,Wireless Mic System A,Audio,LOC-01,Los Angeles,2026-07-20,15,4.0,2.5,7.139074331632835
SKU-036,Wireless Mic System A,Audio,LOC-01,Los Angeles,2026-07-27,0,15.0,5.75,1.51427560208752
SKU-036,Wireless Mic System A,Audio,LOC-01,Los Angeles,2026-08-03,0,0.0,5.25,0.1554559270994955
SKU-036,Wireless Mic System A,Audio,LOC-01,Los Angeles,2026-08-10,2,0.0,4.75,2.110091549539246
SKU-036,Wireless Mic System A,Audio,LOC-02,Atlanta,2026-06-08,3,14.0,4.75,7.984281399373476
SKU-036,Wireless Mic System A,Audio,LOC-02,Atlanta,2026-06-15,5,3.0,5.25,3.761920361258482
SKU-036,Wireless Mic System A,Audio,LOC-02,Atlanta,2026-06-22,3,5.0,6.25,8.21614660464332
SKU-036,Wireless Mic System A,Audio,LOC-02,Atlanta,2026-06-29,3,3.0,6.25,4.58979117825127
SKU-036,Wireless Mic System A,Audio,LOC-02,Atlanta,2026-07-06,3,3.0,3.5,6.469429496984303
SKU-036,Wireless Mic System A,Audio,LOC-02,Atlanta,2026-07-13,2,3.0,3.5,1.5468731845057675
SKU-036,Wireless Mic System A,Audio,LOC-02,Atlanta,2026-07-20,3,2.0,2.75,6.747771806769156
SKU-036,Wireless Mic System A,Audio,LOC-02,Atlanta,2026-07-27,3,3.0,2.75,4.084533791550075
SKU-036,Wireless Mic System A,Audio,LOC-02,Atlanta,2026-08-03,4,3.0,2.75,4.104896042259787
SKU-036,Wireless Mic System A,Audio,LOC-02,Atlanta,2026-08-10,0,4.0,3.0,4.106544603914022
SKU-036,Wireless Mic System A,Audio,LOC-03,New York,2026-06-08,1,4.0,1.75,1.761816748435603
SKU-036,Wireless Mic System A,Audio,LOC-03,New York,2026-06-15,4,1.0,1.5,4.17053323345491
SKU-036,Wireless Mic System A,Audio,LOC-03,New York,2026-06-22,3,4.0,2.25,2.704159126593328
SKU-036,Wireless Mic System A,Audio,LOC-03,New York,2026-06-29,4,3.0,3.0,6.904130393732289
SKU-036,Wireless Mic System A,Audio,LOC-03,New York,2026-07-06,1,4.0,3.0,4.3362017119680045
SKU-036,Wireless Mic System A,Audio,LOC-03,New York,2026-07-13,1,1.0,3.0,1.461424914356791
SKU-036,Wireless Mic System A,Audio,LOC-03,New York,2026-07-20,1,1.0,2.25,1.7135287579952334
SKU-036,Wireless Mic System A,Audio,LOC-03,New York,2026-07-27,0,1.0,1.75,0.1632281751229608
SKU-036,Wireless Mic System A,Audio,LOC-03,New York,2026-08-03,3,0.0,0.75,1.6324831441086016
SKU-036,Wireless Mic System A,Audio,LOC-03,New York,2026-08-10,2,3.0,1.25,1.8113118527275165
SKU-036,Wireless Mic System A,Audio,LOC-04,New Orleans,2026-06-08,4,0.0,3.0,6.398590142147637
SKU-036,Wireless Mic System A,Audio,LOC-04,New Orleans,2026-06-15,4,4.0,3.25,6.750074461048216
SKU-036,Wireless Mic System A,Audio,LOC-04,New Orleans,2026-06-22,1,4.0,2.5,3.8802806181842304
SKU-036,Wireless Mic System A,Audio,LOC-04,New Orleans,2026-06-29,0,1.0,2.25,0.092949089666649
SKU-036,Wireless Mic System A,Audio,LOC-04,New Orleans,2026-07-06,7,0.0,2.25,6.820103603110757
SKU-036,Wireless Mic System A,Audio,LOC-04,New Orleans,2026-07-13,0,7.0,3.0,1.5034427398730903
SKU-036,Wireless Mic System A,Audio,LOC-04,New Orleans,2026-07-20,5,0.0,2.0,2.7565546923859925
SKU-036,Wireless Mic System A,Audio,LOC-04,New Orleans,2026-07-27,5,5.0,3.0,2.590349936922173
SKU-036,Wireless Mic System A,Audio,LOC-04,New Orleans,2026-08-03,6,5.0,4.25,3.180319469676276
SKU-036,Wireless Mic System A,Audio,LOC-04,New Orleans,2026-08-10,3,6.0,4.0,2.691910124135708
SKU-037,Wireless Mic System B,Audio,LOC-01,Los Angeles,2026-06-08,14,13.0,7.25,4.243981273699805
SKU-037,Wireless Mic System B,Audio,LOC-01,Los Angeles,2026-06-15,9,14.0,10.5,4.21722022015544
SKU-037,Wireless Mic System B,Audio,LOC-01,Los Angeles,2026-06-22,3,9.0,11.75,4.325366573448127
SKU-037,Wireless Mic System B,Audio,LOC-01,Los Angeles,2026-06-29,3,3.0,9.75,3.513792121779673
SKU-037,Wireless Mic System B,Audio,LOC-01,Los Angeles,2026-07-06,6,3.0,7.25,6.091824669260521
SKU-037,Wireless Mic System B,Audio,LOC-01,Los Angeles,2026-07-13,6,6.0,5.25,3.391185175642488
SKU-037,Wireless Mic System B,Audio,LOC-01,Los Angeles,2026-07-20,31,6.0,4.5,10.10689807241359
SKU-037,Wireless Mic System B,Audio,LOC-01,Los Angeles,2026-07-27,4,31.0,11.5,2.9513935691205835
SKU-037,Wireless Mic System B,Audio,LOC-01,Los Angeles,2026-08-03,0,4.0,11.75,0.4076315005746194
SKU-037,Wireless Mic System B,Audio,LOC-01,Los Angeles,2026-08-10,4,0.0,10.25,2.660186710581994
SKU-037,Wireless Mic System B,Audio,LOC-02,Atlanta,2026-06-08,4,18.0,6.75,12.7949775698718
SKU-037,Wireless Mic System B,Audio,LOC-02,Atlanta,2026-06-15,6,4.0,6.5,3.9623393785938266
SKU-037,Wireless Mic System B,Audio,LOC-02,Atlanta,2026-06-22,9,6.0,7.25,9.16133000344158
SKU-037,Wireless Mic System B,Audio,LOC-02,Atlanta,2026-06-29,9,9.0,9.25,5.34493021627444
SKU-037,Wireless Mic System B,Audio,LOC-02,Atlanta,2026-07-06,6,9.0,7.0,11.067739932740878
SKU-037,Wireless Mic System B,Audio,LOC-02,Atlanta,2026-07-13,4,6.0,7.5,2.4719879545370085
SKU-037,Wireless Mic System B,Audio,LOC-02,Atlanta,2026-07-20,30,4.0,7.0,9.981895347592012
SKU-037,Wireless Mic System B,Audio,LOC-02,Atlanta,2026-07-27,9,30.0,12.25,6.435908240869704
SKU-037,Wireless Mic System B,Audio,LOC-02,Atlanta,2026-08-03,4,9.0,12.25,5.642904719753768
SKU-037,Wireless Mic System B,Audio,LOC-02,Atlanta,2026-08-10,2,4.0,11.75,6.290492251418512
SKU-037,Wireless Mic System B,Audio,LOC-03,New York,2026-06-08,5,8.0,3.75,2.705649127421584
SKU-037,Wireless Mic System B,Audio,LOC-03,New York,2026-06-15,5,5.0,3.75,4.08601318209454
SKU-037,Wireless Mic System B,Audio,LOC-03,New York,2026-06-22,1,5.0,4.75,2.499686971007774
SKU-037,Wireless Mic System B,Audio,LOC-03,New York,2026-06-29,4,1.0,4.75,9.088513180669333
SKU-037,Wireless Mic System B,Audio,LOC-03,New York,2026-07-06,3,4.0,3.75,5.923022593771569
SKU-037,Wireless Mic System B,Audio,LOC-03,New York,2026-07-13,3,3.0,3.25,2.7021542296080465
SKU-037,Wireless Mic System B,Audio,LOC-03,New York,2026-07-20,4,3.0,2.75,2.425693116325073
SKU-037,Wireless Mic System B,Audio,LOC-03,New York,2026-07-27,1,4.0,3.5,0.1952347039778869
SKU-037,Wireless Mic System B,Audio,LOC-03,New York,2026-08-03,3,1.0,2.75,2.3965785603705183
SKU-037,Wireless Mic System B,Audio,LOC-03,New York,2026-08-10,1,3.0,2.75,2.436907944746544
SKU-037,Wireless Mic System B,Audio,LOC-04,New Orleans,2026-06-08,10,0.0,2.75,8.183287165170771
SKU-037,Wireless Mic System B,Audio,LOC-04,New Orleans,2026-06-15,6,10.0,4.5,9.20211995147199
SKU-037,Wireless Mic System B,Audio,LOC-04,New Orleans,2026-06-22,2,6.0,4.75,4.601142985334954
SKU-037,Wireless Mic System B,Audio,LOC-04,New Orleans,2026-06-29,1,2.0,4.5,0.1065002743970372
SKU-037,Wireless Mic System B,Audio,LOC-04,New Orleans,2026-07-06,7,1.0,4.75,8.727074035632473
SKU-037,Wireless Mic System B,Audio,LOC-04,New Orleans,2026-07-13,2,7.0,4.0,2.5539111283213525
SKU-037,Wireless Mic System B,Audio,LOC-04,New Orleans,2026-07-20,8,2.0,3.0,4.739822015401344
SKU-037,Wireless Mic System B,Audio,LOC-04,New Orleans,2026-07-27,5,8.0,4.5,4.023234203897655
SKU-037,Wireless Mic System B,Audio,LOC-04,New Orleans,2026-08-03,4,5.0,5.5,5.51394529503131
SKU-037,Wireless Mic System B,Audio,LOC-04,New Orleans,2026-08-10,3,4.0,4.75,3.9866097853038047
SKU-038,Audio Mixer A,Audio,LOC-01,Los Angeles,2026-06-08,0,7.0,3.25,2.6147049994110203
SKU-038,Audio Mixer A,Audio,LOC-01,Los Angeles,2026-06-15,0,0.0,3.25,2.128316009668711
SKU-038,Audio Mixer A,Audio,LOC-01,Los Angeles,2026-06-22,1,0.0,2.5,0.7977816257320227
SKU-038,Audio Mixer A,Audio,LOC-01,Los Angeles,2026-06-29,1,1.0,2.0,0.8810115750914429
SKU-038,Audio Mixer A,Audio,LOC-01,Los Angeles,2026-07-06,1,1.0,0.5,2.28155016502224
SKU-038,Audio Mixer A,Audio,LOC-01,Los Angeles,2026-07-13,3,1.0,0.75,0.9188398755277926
SKU-038,Audio Mixer A,Audio,LOC-01,Los Angeles,2026-07-20,11,3.0,1.5,3.1905815685146224
SKU-038,Audio Mixer A,Audio,LOC-01,Los Angeles,2026-07-27,2,11.0,4.0,0.9681177827372206
SKU-038,Audio Mixer A,Audio,LOC-01,Los Angeles,2026-08-03,0,2.0,4.25,0.1283298594678668
SKU-038,Audio Mixer A,Audio,LOC-01,Los Angeles,2026-08-10,0,0.0,4.0,0.9012779594979482
SKU-038,Audio Mixer A,Audio,LOC-02,Atlanta,2026-06-08,0,7.0,2.0,3.529232642536872
SKU-038,Audio Mixer A,Audio,LOC-02,Atlanta,2026-06-15,2,0.0,2.0,1.9819228276233405
SKU-038,Audio Mixer A,Audio,LOC-02,Atlanta,2026-06-22,2,2.0,2.25,3.26024328415368
SKU-038,Audio Mixer A,Audio,LOC-02,Atlanta,2026-06-29,7,2.0,2.75,1.7507841638284218
SKU-038,Audio Mixer A,Audio,LOC-02,Atlanta,2026-07-06,2,7.0,2.75,3.274226323733346
SKU-038,Audio Mixer A,Audio,LOC-02,Atlanta,2026-07-13,0,2.0,3.25,0.7764039307662749
SKU-038,Audio Mixer A,Audio,LOC-02,Atlanta,2026-07-20,4,0.0,2.75,3.159643479424601
SKU-038,Audio Mixer A,Audio,LOC-02,Atlanta,2026-07-27,2,4.0,3.25,2.081441823395851
SKU-038,Audio Mixer A,Audio,LOC-02,Atlanta,2026-08-03,0,2.0,2.0,1.958454661794111
SKU-038,Audio Mixer A,Audio,LOC-02,Atlanta,2026-08-10,1,0.0,1.5,2.3194998148876147
SKU-038,Audio Mixer A,Audio,LOC-03,New York,2026-06-08,1,3.0,1.5,0.7580988056665654
SKU-038,Audio Mixer A,Audio,LOC-03,New York,2026-06-15,4,1.0,1.5,2.2348150054404483
SKU-038,Audio Mixer A,Audio,LOC-03,New York,2026-06-22,2,4.0,2.25,0.9630449282487052
SKU-038,Audio Mixer A,Audio,LOC-03,New York,2026-06-29,1,2.0,2.5,3.229702533636772
SKU-038,Audio Mixer A,Audio,LOC-03,New York,2026-07-06,2,1.0,2.0,2.316569908292039
SKU-038,Audio Mixer A,Audio,LOC-03,New York,2026-07-13,1,2.0,2.25,0.7472276182562954
SKU-038,Audio Mixer A,Audio,LOC-03,New York,2026-07-20,2,1.0,1.5,0.7296355925713247
SKU-038,Audio Mixer A,Audio,LOC-03,New York,2026-07-27,0,2.0,1.5,0.0625074376203529
SKU-038,Audio Mixer A,Audio,LOC-03,New York,2026-08-03,0,0.0,1.25,0.7200278101919263
SKU-038,Audio Mixer A,Audio,LOC-03,New York,2026-08-10,4,0.0,0.75,0.7423789636968747
SKU-038,Audio Mixer A,Audio,LOC-04,New Orleans,2026-06-08,4,0.0,0.75,3.043632290070062
SKU-038,Audio Mixer A,Audio,LOC-04,New Orleans,2026-06-15,1,4.0,1.75,3.215155164912623
SKU-038,Audio Mixer A,Audio,LOC-04,New Orleans,2026-06-22,0,1.0,1.5,1.8787932325881744
SKU-038,Audio Mixer A,Audio,LOC-04,New Orleans,2026-06-29,0,0.0,1.25,0.0392689095812364
SKU-038,Audio Mixer A,Audio,LOC-04,New Orleans,2026-07-06,2,0.0,1.25,3.2925098310717456
SKU-038,Audio Mixer A,Audio,LOC-04,New Orleans,2026-07-13,2,2.0,0.75,0.7462539645480111
SKU-038,Audio Mixer A,Audio,LOC-04,New Orleans,2026-07-20,3,2.0,1.0,2.0436430487886144
SKU-038,Audio Mixer A,Audio,LOC-04,New Orleans,2026-07-27,3,3.0,1.75,1.8990869686906824
SKU-038,Audio Mixer A,Audio,LOC-04,New Orleans,2026-08-03,5,3.0,2.5,2.2000568955193947
SKU-038,Audio Mixer A,Audio,LOC-04,New Orleans,2026-08-10,0,5.0,3.25,2.771927992016076
SKU-039,Studio Headphones Kit A,Audio,LOC-01,Los Angeles,2026-06-08,13,14.0,6.75,3.912574115964477
SKU-039,Studio Headphones Kit A,Audio,LOC-01,Los Angeles,2026-06-15,4,13.0,9.25,4.172308589894413
SKU-039,Studio Headphones Kit A,Audio,LOC-01,Los Angeles,2026-06-22,3,4.0,9.75,3.7269835010884087
SKU-039,Studio Headphones Kit A,Audio,LOC-01,Los Angeles,2026-06-29,2,3.0,8.5,3.126690928003417
SKU-039,Studio Headphones Kit A,Audio,LOC-01,Los Angeles,2026-07-06,5,2.0,5.5,5.339568010258608
SKU-039,Studio Headphones Kit A,Audio,LOC-01,Los Angeles,2026-07-13,3,5.0,3.5,2.9703109416362143
SKU-039,Studio Headphones Kit A,Audio,LOC-01,Los Angeles,2026-07-20,16,3.0,3.25,8.873604242148236
SKU-039,Studio Headphones Kit A,Audio,LOC-01,Los Angeles,2026-07-27,3,16.0,6.5,2.5558571210418783
SKU-039,Studio Headphones Kit A,Audio,LOC-01,Los Angeles,2026-08-03,0,3.0,6.75,0.1582471107228891
SKU-039,Studio Headphones Kit A,Audio,LOC-01,Los Angeles,2026-08-10,2,0.0,5.5,2.338716152991846
SKU-039,Studio Headphones Kit A,Audio,LOC-02,Atlanta,2026-06-08,3,12.0,4.75,10.305555332378072
SKU-039,Studio Headphones Kit A,Audio,LOC-02,Atlanta,2026-06-15,6,3.0,4.75,4.310398629697198
SKU-039,Studio Headphones Kit A,Audio,LOC-02,Atlanta,2026-06-22,5,6.0,5.5,7.868931436838938
SKU-039,Studio Headphones Kit A,Audio,LOC-02,Atlanta,2026-06-29,7,5.0,6.5,5.3894359552055535
SKU-039,Studio Headphones Kit A,Audio,LOC-02,Atlanta,2026-07-06,10,7.0,5.25,10.92036565246716
SKU-039,Studio Headphones Kit A,Audio,LOC-02,Atlanta,2026-07-13,2,10.0,7.0,2.350783635051014
SKU-039,Studio Headphones Kit A,Audio,LOC-02,Atlanta,2026-07-20,7,2.0,6.0,8.426563327889895
SKU-039,Studio Headphones Kit A,Audio,LOC-02,Atlanta,2026-07-27,34,7.0,6.5,5.614202897386488
SKU-039,Studio Headphones Kit A,Audio,LOC-02,Atlanta,2026-08-03,3,34.0,13.25,4.901729117739169
SKU-039,Studio Headphones Kit A,Audio,LOC-02,Atlanta,2026-08-10,3,3.0,11.5,5.259235162236085
SKU-039,Studio Headphones Kit A,Audio,LOC-03,New York,2026-06-08,1,10.0,3.75,2.521972407602714
SKU-039,Studio Headphones Kit A,Audio,LOC-03,New York,2026-06-15,8,1.0,3.25,4.086451072439487
SKU-039,Studio Headphones Kit A,Audio,LOC-03,New York,2026-06-22,1,8.0,5.0,2.4074153077923746
SKU-039,Studio Headphones Kit A,Audio,LOC-03,New York,2026-06-29,6,1.0,5.0,8.190372648947424
SKU-039,Studio Headphones Kit A,Audio,LOC-03,New York,2026-07-06,2,6.0,4.0,5.84525739120319
SKU-039,Studio Headphones Kit A,Audio,LOC-03,New York,2026-07-13,3,2.0,4.25,2.593629314422196
SKU-039,Studio Headphones Kit A,Audio,LOC-03,New York,2026-07-20,1,3.0,3.0,2.084855881109459
SKU-039,Studio Headphones Kit A,Audio,LOC-03,New York,2026-07-27,0,1.0,3.0,0.062425812950801
SKU-039,Studio Headphones Kit A,Audio,LOC-03,New York,2026-08-03,2,0.0,1.5,2.2011006283017878
SKU-039,Studio Headphones Kit A,Audio,LOC-03,New York,2026-08-10,1,2.0,1.5,2.85693715156003
SKU-039,Studio Headphones Kit A,Audio,LOC-04,New Orleans,2026-06-08,5,0.0,4.0,5.822292471805854
SKU-039,Studio Headphones Kit A,Audio,LOC-04,New Orleans,2026-06-15,6,5.0,5.0,7.185929000112583
SKU-039,Studio Headphones Kit A,Audio,LOC-04,New Orleans,2026-06-22,2,6.0,4.5,5.8260486265740585
SKU-039,Studio Headphones Kit A,Audio,LOC-04,New Orleans,2026-06-29,0,2.0,3.25,0.0825289086194671
SKU-039,Studio Headphones Kit A,Audio,LOC-04,New Orleans,2026-07-06,12,0.0,3.25,7.268270077362257
SKU-039,Studio Headphones Kit A,Audio,LOC-04,New Orleans,2026-07-13,0,12.0,5.0,2.4017035655784937
SKU-039,Studio Headphones Kit A,Audio,LOC-04,New Orleans,2026-07-20,7,0.0,3.5,3.3187178221607856
SKU-039,Studio Headphones Kit A,Audio,LOC-04,New Orleans,2026-07-27,3,7.0,4.75,7.003739886335143
SKU-039,Studio Headphones Kit A,Audio,LOC-04,New Orleans,2026-08-03,3,3.0,5.5,3.703899580017484
SKU-039,Studio Headphones Kit A,Audio,LOC-04,New Orleans,2026-08-10,1,3.0,3.25,2.2850855016519382
SKU-040,Boom Pole Kit B,Audio,LOC-01,Los Angeles,2026-06-08,17,10.0,4.75,4.2407176984310455
SKU-040,Boom Pole Kit B,Audio,LOC-01,Los Angeles,2026-06-15,0,17.0,8.5,4.417287911497962
SKU-040,Boom Pole Kit B,Audio,LOC-01,Los Angeles,2026-06-22,0,0.0,8.25,2.978736723687152
SKU-040,Boom Pole Kit B,Audio,LOC-01,Los Angeles,2026-06-29,0,0.0,6.75,3.4471784540099577
SKU-040,Boom Pole Kit B,Audio,LOC-01,Los Angeles,2026-07-06,1,0.0,4.25,4.617056203928991
SKU-040,Boom Pole Kit B,Audio,LOC-01,Los Angeles,2026-07-13,5,1.0,0.25,2.0565100386727067
SKU-040,Boom Pole Kit B,Audio,LOC-01,Los Angeles,2026-07-20,17,5.0,1.5,8.548489451978433
SKU-040,Boom Pole Kit B,Audio,LOC-01,Los Angeles,2026-07-27,1,17.0,5.75,1.409904870756559
SKU-040,Boom Pole Kit B,Audio,LOC-01,Los Angeles,2026-08-03,0,1.0,6.0,0.1890972662858618
SKU-040,Boom Pole Kit B,Audio,LOC-01,Los Angeles,2026-08-10,1,0.0,5.75,2.0337215389600978
SKU-040,Boom Pole Kit B,Audio,LOC-02,Atlanta,2026-06-08,2,8.0,3.5,7.722119906486838
SKU-040,Boom Pole Kit B,Audio,LOC-02,Atlanta,2026-06-15,7,2.0,3.25,4.105792662173212
SKU-040,Boom Pole Kit B,Audio,LOC-02,Atlanta,2026-06-22,6,7.0,4.25,7.391410349421033
SKU-040,Boom Pole Kit B,Audio,LOC-02,Atlanta,2026-06-29,9,6.0,5.75,4.476841093139638
SKU-040,Boom Pole Kit B,Audio,LOC-02,Atlanta,2026-07-06,10,9.0,6.0,7.929045395145581
SKU-040,Boom Pole Kit B,Audio,LOC-02,Atlanta,2026-07-13,1,10.0,8.0,1.808112589979834
SKU-040,Boom Pole Kit B,Audio,LOC-02,Atlanta,2026-07-20,7,1.0,6.5,6.774520111654493
SKU-040,Boom Pole Kit B,Audio,LOC-02,Atlanta,2026-07-27,14,7.0,6.75,4.695402493730764
SKU-040,Boom Pole Kit B,Audio,LOC-02,Atlanta,2026-08-03,4,14.0,8.0,4.530483935786896
SKU-040,Boom Pole Kit B,Audio,LOC-02,Atlanta,2026-08-10,1,4.0,6.5,4.815750882145343
SKU-040,Boom Pole Kit B,Audio,LOC-03,New York,2026-06-08,2,5.0,3.25,1.8425788240584808
SKU-040,Boom Pole Kit B,Audio,LOC-03,New York,2026-06-15,3,2.0,3.25,3.77969025176489
SKU-040,Boom Pole Kit B,Audio,LOC-03,New York,2026-06-22,2,3.0,3.5,2.5290054047849675
SKU-040,Boom Pole Kit B,Audio,LOC-03,New York,2026-06-29,8,2.0,3.0,6.647665108271073
SKU-040,Boom Pole Kit B,Audio,LOC-03,New York,2026-07-06,6,8.0,3.75,5.050096351011386
SKU-040,Boom Pole Kit B,Audio,LOC-03,New York,2026-07-13,0,6.0,4.75,1.5864070762396534
SKU-040,Boom Pole Kit B,Audio,LOC-03,New York,2026-07-20,1,0.0,4.0,1.70689747172513
SKU-040,Boom Pole Kit B,Audio,LOC-03,New York,2026-07-27,1,1.0,3.75,0.156378602504495
SKU-040,Boom Pole Kit B,Audio,LOC-03,New York,2026-08-03,3,1.0,2.0,1.6559373601284364
SKU-040,Boom Pole Kit B,Audio,LOC-03,New York,2026-08-10,1,3.0,1.25,1.9221545257116583
SKU-040,Boom Pole Kit B,Audio,LOC-04,New Orleans,2026-06-08,4,0.0,3.0,6.696088598412706
SKU-040,Boom Pole Kit B,Audio,LOC-04,New Orleans,2026-06-15,3,4.0,3.75,6.992907787531625
SKU-040,Boom Pole Kit B,Audio,LOC-04,New Orleans,2026-06-22,4,3.0,3.0,4.999540121029219
SKU-040,Boom Pole Kit B,Audio,LOC-04,New Orleans,2026-06-29,0,4.0,2.75,0.0948968146000636
SKU-040,Boom Pole Kit B,Audio,LOC-04,New Orleans,2026-07-06,9,0.0,2.75,7.094661714338292
SKU-040,Boom Pole Kit B,Audio,LOC-04,New Orleans,2026-07-13,0,9.0,4.0,1.5738330210323952
SKU-040,Boom Pole Kit B,Audio,LOC-04,New Orleans,2026-07-20,12,0.0,3.25,2.9247506453291208
SKU-040,Boom Pole Kit B,Audio,LOC-04,New Orleans,2026-07-27,4,12.0,5.25,3.388802321853376
SKU-040,Boom Pole Kit B,Audio,LOC-04,New Orleans,2026-08-03,4,4.0,6.25,2.941772664137771
SKU-040,Boom Pole Kit B,Audio,LOC-04,New Orleans,2026-08-10,2,4.0,5.0,5.169054424536207
SKU-041,C-Stand Kit A,Grip,LOC-01,Los Angeles,2026-06-08,21,28.0,27.25,9.633880714411656
SKU-041,C-Stand Kit A,Grip,LOC-01,Los Angeles,2026-06-15,13,21.0,32.0,11.044611368396865
SKU-041,C-Stand Kit A,Grip,LOC-01,Los Angeles,2026-06-22,3,13.0,18.25,6.286715923585822
SKU-041,C-Stand Kit A,Grip,LOC-01,Los Angeles,2026-06-29,8,3.0,16.25,6.3280789889854425
SKU-041,C-Stand Kit A,Grip,LOC-01,Los Angeles,2026-07-06,13,8.0,11.25,8.513472731723677
SKU-041,C-Stand Kit A,Grip,LOC-01,Los Angeles,2026-07-13,11,13.0,9.25,4.63778997276216
SKU-041,C-Stand Kit A,Grip,LOC-01,Los Angeles,2026-07-20,23,11.0,8.75,18.572681406004342
SKU-041,C-Stand Kit A,Grip,LOC-01,Los Angeles,2026-07-27,9,23.0,13.75,4.149169003514573
SKU-041,C-Stand Kit A,Grip,LOC-01,Los Angeles,2026-08-03,1,9.0,14.0,0.2823926408956277
SKU-041,C-Stand Kit A,Grip,LOC-01,Los Angeles,2026-08-10,5,1.0,11.0,4.711162433898558
SKU-041,C-Stand Kit A,Grip,LOC-02,Atlanta,2026-06-08,11,9.0,4.5,19.16383553625768
SKU-041,C-Stand Kit A,Grip,LOC-02,Atlanta,2026-06-15,12,11.0,6.25,9.801580274392288
SKU-041,C-Stand Kit A,Grip,LOC-02,Atlanta,2026-06-22,20,12.0,8.75,20.114910479031145
SKU-041,C-Stand Kit A,Grip,LOC-02,Atlanta,2026-06-29,12,20.0,13.0,9.344407088989705
SKU-041,C-Stand Kit A,Grip,LOC-02,Atlanta,2026-07-06,19,12.0,13.75,19.425150368303907
SKU-041,C-Stand Kit A,Grip,LOC-02,Atlanta,2026-07-13,1,19.0,15.75,3.898966722070104
SKU-041,C-Stand Kit A,Grip,LOC-02,Atlanta,2026-07-20,10,1.0,13.0,17.51709511726547
SKU-041,C-Stand Kit A,Grip,LOC-02,Atlanta,2026-07-27,12,10.0,10.5,8.414842205634887
SKU-041,C-Stand Kit A,Grip,LOC-02,Atlanta,2026-08-03,7,12.0,10.5,8.264241095141646
SKU-041,C-Stand Kit A,Grip,LOC-02,Atlanta,2026-08-10,7,7.0,7.5,8.956482567003025
SKU-041,C-Stand Kit A,Grip,LOC-03,New York,2026-06-08,4,8.0,7.0,4.210508797104521
SKU-041,C-Stand Kit A,Grip,LOC-03,New York,2026-06-15,13,4.0,4.0,8.88972564898855
SKU-041,C-Stand Kit A,Grip,LOC-03,New York,2026-06-22,3,13.0,6.5,4.808858255612155
SKU-041,C-Stand Kit A,Grip,LOC-03,New York,2026-06-29,16,3.0,7.0,15.672222204849918
SKU-041,C-Stand Kit A,Grip,LOC-03,New York,2026-07-06,11,16.0,9.0,9.851439470112528
SKU-041,C-Stand Kit A,Grip,LOC-03,New York,2026-07-13,6,11.0,10.75,4.0340460117080825
SKU-041,C-Stand Kit A,Grip,LOC-03,New York,2026-07-20,1,6.0,9.0,3.605572255920517
SKU-041,C-Stand Kit A,Grip,LOC-03,New York,2026-07-27,1,1.0,8.5,0.1922207271030378
SKU-041,C-Stand Kit A,Grip,LOC-03,New York,2026-08-03,7,1.0,4.75,4.050470419608954
SKU-041,C-Stand Kit A,Grip,LOC-03,New York,2026-08-10,2,7.0,3.75,3.905262410544745
SKU-041,C-Stand Kit A,Grip,LOC-04,New Orleans,2026-06-08,18,0.0,3.75,13.374064103545509
SKU-041,C-Stand Kit A,Grip,LOC-04,New Orleans,2026-06-15,12,18.0,6.75,19.06654608568121
SKU-041,C-Stand Kit A,Grip,LOC-04,New Orleans,2026-06-22,5,12.0,7.75,8.501999900366595
SKU-041,C-Stand Kit A,Grip,LOC-04,New Orleans,2026-06-29,0,5.0,8.75,0.3339241954579278
SKU-041,C-Stand Kit A,Grip,LOC-04,New Orleans,2026-07-06,16,0.0,8.75,15.26848348929538
SKU-041,C-Stand Kit A,Grip,LOC-04,New Orleans,2026-07-13,3,16.0,8.25,3.866788252143877
SKU-041,C-Stand Kit A,Grip,LOC-04,New Orleans,2026-07-20,7,3.0,6.0,6.596333443847117
SKU-041,C-Stand Kit A,Grip,LOC-04,New Orleans,2026-07-27,8,7.0,6.5,6.6985270300722615
SKU-041,C-Stand Kit A,Grip,LOC-04,New Orleans,2026-08-03,5,8.0,8.5,6.350978744857887
SKU-041,C-Stand Kit A,Grip,LOC-04,New Orleans,2026-08-10,5,5.0,5.75,7.565090163063977
SKU-042,Sandbag Set A,Grip,LOC-01,Los Angeles,2026-06-08,20,34.0,14.75,9.58827539450644
SKU-042,Sandbag Set A,Grip,LOC-01,Los Angeles,2026-06-15,11,20.0,19.0,10.768339842569151
SKU-042,Sandbag Set A,Grip,LOC-01,Los Angeles,2026-06-22,4,11.0,19.0,6.71604011808221
SKU-042,Sandbag Set A,Grip,LOC-01,Los Angeles,2026-06-29,6,4.0,17.25,6.492244914361612
SKU-042,Sandbag Set A,Grip,LOC-01,Los Angeles,2026-07-06,8,6.0,10.25,8.501569534496946
SKU-042,Sandbag Set A,Grip,LOC-01,Los Angeles,2026-07-13,11,8.0,7.25,4.590931536241277
SKU-042,Sandbag Set A,Grip,LOC-01,Los Angeles,2026-07-20,31,11.0,7.25,20.58648142111601
SKU-042,Sandbag Set A,Grip,LOC-01,Los Angeles,2026-07-27,2,31.0,14.0,4.145182362960709
SKU-042,Sandbag Set A,Grip,LOC-01,Los Angeles,2026-08-03,0,2.0,13.0,0.3116159052695446
SKU-042,Sandbag Set A,Grip,LOC-01,Los Angeles,2026-08-10,6,0.0,11.0,5.046831996622646
SKU-042,Sandbag Set A,Grip,LOC-02,Atlanta,2026-06-08,6,13.0,7.25,22.286469130613565
SKU-042,Sandbag Set A,Grip,LOC-02,Atlanta,2026-06-15,17,6.0,7.5,9.889825532060836
SKU-042,Sandbag Set A,Grip,LOC-02,Atlanta,2026-06-22,19,17.0,10.75,20.14614971917081
SKU-042,Sandbag Set A,Grip,LOC-02,Atlanta,2026-06-29,12,19.0,13.75,8.897942078790335
SKU-042,Sandbag Set A,Grip,LOC-02,Atlanta,2026-07-06,24,12.0,13.5,21.206893574044997
SKU-042,Sandbag Set A,Grip,LOC-02,Atlanta,2026-07-13,7,24.0,18.0,4.616629896287174
SKU-042,Sandbag Set A,Grip,LOC-02,Atlanta,2026-07-20,24,7.0,15.5,18.827756769179054
SKU-042,Sandbag Set A,Grip,LOC-02,Atlanta,2026-07-27,15,24.0,16.75,9.5168470144925
SKU-042,Sandbag Set A,Grip,LOC-02,Atlanta,2026-08-03,8,15.0,17.5,8.562876887412466
SKU-042,Sandbag Set A,Grip,LOC-02,Atlanta,2026-08-10,5,8.0,13.5,8.961821106370497
SKU-042,Sandbag Set A,Grip,LOC-03,New York,2026-06-08,9,6.0,4.75,3.846878203035912
SKU-042,Sandbag Set A,Grip,LOC-03,New York,2026-06-15,15,9.0,5.25,8.631110226602281
SKU-042,Sandbag Set A,Grip,LOC-03,New York,2026-06-22,3,15.0,8.0,4.636272931718873
SKU-042,Sandbag Set A,Grip,LOC-03,New York,2026-06-29,26,3.0,8.25,16.207727133862253
SKU-042,Sandbag Set A,Grip,LOC-03,New York,2026-07-06,14,26.0,13.25,9.80933281950235
SKU-042,Sandbag Set A,Grip,LOC-03,New York,2026-07-13,4,14.0,14.5,4.416505439747384
SKU-042,Sandbag Set A,Grip,LOC-03,New York,2026-07-20,0,4.0,11.75,3.552040630908928
SKU-042,Sandbag Set A,Grip,LOC-03,New York,2026-07-27,1,0.0,11.0,0.2772021452980767
SKU-042,Sandbag Set A,Grip,LOC-03,New York,2026-08-03,3,1.0,4.75,4.180179699516073
SKU-042,Sandbag Set A,Grip,LOC-03,New York,2026-08-10,4,3.0,2.0,4.25254480388276
SKU-042,Sandbag Set A,Grip,LOC-04,New Orleans,2026-06-08,13,0.0,6.0,13.979455203455174
SKU-042,Sandbag Set A,Grip,LOC-04,New Orleans,2026-06-15,7,13.0,7.75,18.26055259550475
SKU-042,Sandbag Set A,Grip,LOC-04,New Orleans,2026-06-22,7,7.0,6.0,9.414766537443471
SKU-042,Sandbag Set A,Grip,LOC-04,New Orleans,2026-06-29,0,7.0,6.75,0.2337711914607644
SKU-042,Sandbag Set A,Grip,LOC-04,New Orleans,2026-07-06,14,0.0,6.75,14.721835206145029
SKU-042,Sandbag Set A,Grip,LOC-04,New Orleans,2026-07-13,7,14.0,7.0,3.7956126476092495
SKU-042,Sandbag Set A,Grip,LOC-04,New Orleans,2026-07-20,8,7.0,7.0,7.095533176014818
SKU-042,Sandbag Set A,Grip,LOC-04,New Orleans,2026-07-27,7,8.0,7.25,7.269480460564033
SKU-042,Sandbag Set A,Grip,LOC-04,New Orleans,2026-08-03,9,7.0,9.0,6.2515496938173785
SKU-042,Sandbag Set A,Grip,LOC-04,New Orleans,2026-08-10,3,9.0,7.75,7.905568759687758
SKU-043,Dolly Track Kit A,Grip,LOC-01,Los Angeles,2026-06-08,12,17.0,6.75,4.271894986054999
SKU-043,Dolly Track Kit A,Grip,LOC-01,Los Angeles,2026-06-15,7,12.0,9.0,4.193365406740397
SKU-043,Dolly Track Kit A,Grip,LOC-01,Los Angeles,2026-06-22,5,7.0,10.25,4.060102725804964
SKU-043,Dolly Track Kit A,Grip,LOC-01,Los Angeles,2026-06-29,3,5.0,10.25,3.9844276431165673
SKU-043,Dolly Track Kit A,Grip,LOC-01,Los Angeles,2026-07-06,5,3.0,6.75,5.7607202736007945
SKU-043,Dolly Track Kit A,Grip,LOC-01,Los Angeles,2026-07-13,7,5.0,5.0,3.491518520512159
SKU-043,Dolly Track Kit A,Grip,LOC-01,Los Angeles,2026-07-20,21,7.0,5.0,9.802278955316062
SKU-043,Dolly Track Kit A,Grip,LOC-01,Los Angeles,2026-07-27,4,21.0,9.0,2.868197846122291
SKU-043,Dolly Track Kit A,Grip,LOC-01,Los Angeles,2026-08-03,0,4.0,9.25,0.4118975840566217
SKU-043,Dolly Track Kit A,Grip,LOC-01,Los Angeles,2026-08-10,2,0.0,8.0,2.548278974887924
SKU-043,Dolly Track Kit A,Grip,LOC-02,Atlanta,2026-06-08,5,5.0,4.25,10.59396434429234
SKU-043,Dolly Track Kit A,Grip,LOC-02,Atlanta,2026-06-15,7,5.0,4.0,5.88596726598193
SKU-043,Dolly Track Kit A,Grip,LOC-02,Atlanta,2026-06-22,12,7.0,4.75,10.72486222263542
SKU-043,Dolly Track Kit A,Grip,LOC-02,Atlanta,2026-06-29,8,12.0,7.25,5.9825769504574
SKU-043,Dolly Track Kit A,Grip,LOC-02,Atlanta,2026-07-06,12,8.0,8.0,11.57023993998719
SKU-043,Dolly Track Kit A,Grip,LOC-02,Atlanta,2026-07-13,1,12.0,9.75,2.6671884757571847
SKU-043,Dolly Track Kit A,Grip,LOC-02,Atlanta,2026-07-20,14,1.0,8.25,9.726085979107287
SKU-043,Dolly Track Kit A,Grip,LOC-02,Atlanta,2026-07-27,6,14.0,8.75,6.177616345982253
SKU-043,Dolly Track Kit A,Grip,LOC-02,Atlanta,2026-08-03,4,6.0,8.25,5.932624176823866
SKU-043,Dolly Track Kit A,Grip,LOC-02,Atlanta,2026-08-10,4,4.0,6.25,5.937105596550144
SKU-043,Dolly Track Kit A,Grip,LOC-03,New York,2026-06-08,2,3.0,5.5,2.7388788353414424
SKU-043,Dolly Track Kit A,Grip,LOC-03,New York,2026-06-15,10,2.0,2.25,6.16313726060828
SKU-043,Dolly Track Kit A,Grip,LOC-03,New York,2026-06-22,1,10.0,4.0,3.4610382290073454
SKU-043,Dolly Track Kit A,Grip,LOC-03,New York,2026-06-29,12,1.0,4.0,9.373385490541867
SKU-043,Dolly Track Kit A,Grip,LOC-03,New York,2026-07-06,8,12.0,6.25,7.585724154000389
SKU-043,Dolly Track Kit A,Grip,LOC-03,New York,2026-07-13,1,8.0,7.75,3.0513501397388465
SKU-043,Dolly Track Kit A,Grip,LOC-03,New York,2026-07-20,3,1.0,5.5,2.2344765209183204
SKU-043,Dolly Track Kit A,Grip,LOC-03,New York,2026-07-27,0,3.0,6.0,0.0857420387722058
SKU-043,Dolly Track Kit A,Grip,LOC-03,New York,2026-08-03,3,0.0,3.0,2.750438484157587
SKU-043,Dolly Track Kit A,Grip,LOC-03,New York,2026-08-10,5,3.0,1.75,2.320866773129463
SKU-043,Dolly Track Kit A,Grip,LOC-04,New Orleans,2026-06-08,7,0.0,3.5,7.155182265744433
SKU-043,Dolly Track Kit A,Grip,LOC-04,New Orleans,2026-06-15,6,7.0,4.5,10.4526243062511
SKU-043,Dolly Track Kit A,Grip,LOC-04,New Orleans,2026-06-22,5,6.0,3.25,6.193464695641118
SKU-043,Dolly Track Kit A,Grip,LOC-04,New Orleans,2026-06-29,1,5.0,4.5,0.138487937990499
SKU-043,Dolly Track Kit A,Grip,LOC-04,New Orleans,2026-07-06,13,1.0,4.75,8.473006187143099
SKU-043,Dolly Track Kit A,Grip,LOC-04,New Orleans,2026-07-13,4,13.0,6.25,2.5515538103505127
SKU-043,Dolly Track Kit A,Grip,LOC-04,New Orleans,2026-07-20,3,4.0,5.75,5.470629963917069
SKU-043,Dolly Track Kit A,Grip,LOC-04,New Orleans,2026-07-27,2,3.0,5.25,5.427319861899139
SKU-043,Dolly Track Kit A,Grip,LOC-04,New Orleans,2026-08-03,2,2.0,5.5,5.13474546655808
SKU-043,Dolly Track Kit A,Grip,LOC-04,New Orleans,2026-08-10,7,2.0,2.75,5.058674671948443
SKU-044,Camera Dolly A,Grip,LOC-01,Los Angeles,2026-06-08,3,11.0,4.5,5.221628701479457
SKU-044,Camera Dolly A,Grip,LOC-01,Los Angeles,2026-06-15,6,3.0,5.25,4.367627095355062
SKU-044,Camera Dolly A,Grip,LOC-01,Los Angeles,2026-06-22,2,6.0,6.25,2.8828831269955897
SKU-044,Camera Dolly A,Grip,LOC-01,Los Angeles,2026-06-29,5,2.0,5.5,2.8556903420522453
SKU-044,Camera Dolly A,Grip,LOC-01,Los Angeles,2026-07-06,3,5.0,4.0,6.345834781736548
SKU-044,Camera Dolly A,Grip,LOC-01,Los Angeles,2026-07-13,4,3.0,4.0,2.2896809536576312
SKU-044,Camera Dolly A,Grip,LOC-01,Los Angeles,2026-07-20,13,4.0,3.5,7.203995809284017
SKU-044,Camera Dolly A,Grip,LOC-01,Los Angeles,2026-07-27,3,13.0,6.25,1.6770381035187834
SKU-044,Camera Dolly A,Grip,LOC-01,Los Angeles,2026-08-03,0,3.0,5.75,0.1314010363735303
SKU-044,Camera Dolly A,Grip,LOC-01,Los Angeles,2026-08-10,1,0.0,5.0,1.827653802919312
SKU-044,Camera Dolly A,Grip,LOC-02,Atlanta,2026-06-08,6,1.0,1.25,6.854436518073956
SKU-044,Camera Dolly A,Grip,LOC-02,Atlanta,2026-06-15,7,6.0,2.5,4.341544132778966
SKU-044,Camera Dolly A,Grip,LOC-02,Atlanta,2026-06-22,3,7.0,4.0,7.63161006302642
SKU-044,Camera Dolly A,Grip,LOC-02,Atlanta,2026-06-29,4,3.0,4.25,6.37210759156942
SKU-044,Camera Dolly A,Grip,LOC-02,Atlanta,2026-07-06,4,4.0,5.0,6.707058683485799
SKU-044,Camera Dolly A,Grip,LOC-02,Atlanta,2026-07-13,1,4.0,4.5,1.5736553363333707
SKU-044,Camera Dolly A,Grip,LOC-02,Atlanta,2026-07-20,8,1.0,3.0,6.7915147680651
SKU-044,Camera Dolly A,Grip,LOC-02,Atlanta,2026-07-27,8,8.0,4.25,5.562785919693974
SKU-044,Camera Dolly A,Grip,LOC-02,Atlanta,2026-08-03,1,8.0,5.25,5.025494740935712
SKU-044,Camera Dolly A,Grip,LOC-02,Atlanta,2026-08-10,2,1.0,4.5,4.598286639884551
SKU-044,Camera Dolly A,Grip,LOC-03,New York,2026-06-08,2,0.0,1.0,1.7391149259749727
SKU-044,Camera Dolly A,Grip,LOC-03,New York,2026-06-15,3,2.0,1.25,3.861460797569196
SKU-044,Camera Dolly A,Grip,LOC-03,New York,2026-06-22,0,3.0,1.75,2.6715138851607647
SKU-044,Camera Dolly A,Grip,LOC-03,New York,2026-06-29,27,0.0,1.25,6.760176566342969
SKU-044,Camera Dolly A,Grip,LOC-03,New York,2026-07-06,3,27.0,8.0,5.866384186791172
SKU-044,Camera Dolly A,Grip,LOC-03,New York,2026-07-13,3,3.0,8.25,1.7547459936098344
SKU-044,Camera Dolly A,Grip,LOC-03,New York,2026-07-20,1,3.0,8.25,2.7504802971904665
SKU-044,Camera Dolly A,Grip,LOC-03,New York,2026-07-27,0,1.0,8.5,0.1327562074632594
SKU-044,Camera Dolly A,Grip,LOC-03,New York,2026-08-03,3,0.0,1.75,1.625565702131156
SKU-044,Camera Dolly A,Grip,LOC-03,New York,2026-08-10,0,3.0,1.75,1.7916887363775849
SKU-044,Camera Dolly A,Grip,LOC-04,New Orleans,2026-06-08,6,0.0,0.75,6.705323676963162
SKU-044,Camera Dolly A,Grip,LOC-04,New Orleans,2026-06-15,1,6.0,2.25,8.121938995620377
SKU-044,Camera Dolly A,Grip,LOC-04,New Orleans,2026-06-22,1,1.0,1.75,4.212223559992721
SKU-044,Camera Dolly A,Grip,LOC-04,New Orleans,2026-06-29,0,1.0,2.0,0.1220183153976821
SKU-044,Camera Dolly A,Grip,LOC-04,New Orleans,2026-07-06,2,0.0,2.0,6.884170089705764
SKU-044,Camera Dolly A,Grip,LOC-04,New Orleans,2026-07-13,2,2.0,1.0,1.6493556172588446
SKU-044,Camera Dolly A,Grip,LOC-04,New Orleans,2026-07-20,3,2.0,1.25,2.515927480274167
SKU-044,Camera Dolly A,Grip,LOC-04,New Orleans,2026-07-27,4,3.0,1.75,2.617162655792248
SKU-044,Camera Dolly A,Grip,LOC-04,New Orleans,2026-08-03,2,4.0,2.75,2.1608233607044425
SKU-044,Camera Dolly A,Grip,LOC-04,New Orleans,2026-08-10,8,2.0,2.75,2.249793181953671
SKU-045,Grip Arm Kit A,Grip,LOC-01,Los Angeles,2026-06-08,8,15.0,6.25,4.748628931520194
SKU-045,Grip Arm Kit A,Grip,LOC-01,Los Angeles,2026-06-15,7,8.0,7.75,5.078128585066479
SKU-045,Grip Arm Kit A,Grip,LOC-01,Los Angeles,2026-06-22,3,7.0,8.75,2.90789760318848
SKU-045,Grip Arm Kit A,Grip,LOC-01,Los Angeles,2026-06-29,1,3.0,8.25,2.77718453321173
SKU-045,Grip Arm Kit A,Grip,LOC-01,Los Angeles,2026-07-06,7,1.0,4.75,5.640039483688975
SKU-045,Grip Arm Kit A,Grip,LOC-01,Los Angeles,2026-07-13,2,7.0,4.5,2.450281235816908
SKU-045,Grip Arm Kit A,Grip,LOC-01,Los Angeles,2026-07-20,17,2.0,3.25,6.835798126953433
SKU-045,Grip Arm Kit A,Grip,LOC-01,Los Angeles,2026-07-27,1,17.0,6.75,1.5027910937254765
SKU-045,Grip Arm Kit A,Grip,LOC-01,Los Angeles,2026-08-03,0,1.0,6.75,0.1830296990585518
SKU-045,Grip Arm Kit A,Grip,LOC-01,Los Angeles,2026-08-10,3,0.0,5.0,2.040361331444561
SKU-045,Grip Arm Kit A,Grip,LOC-02,Atlanta,2026-06-08,2,2.0,2.5,6.594733073720338
SKU-045,Grip Arm Kit A,Grip,LOC-02,Atlanta,2026-06-15,11,2.0,2.25,4.248074983969881
SKU-045,Grip Arm Kit A,Grip,LOC-02,Atlanta,2026-06-22,8,11.0,4.75,7.347876378939687
SKU-045,Grip Arm Kit A,Grip,LOC-02,Atlanta,2026-06-29,6,8.0,5.75,4.762323745778862
SKU-045,Grip Arm Kit A,Grip,LOC-02,Atlanta,2026-07-06,8,6.0,6.75,7.189541073743666
SKU-045,Grip Arm Kit A,Grip,LOC-02,Atlanta,2026-07-13,1,8.0,8.25,1.6295976703231196
SKU-045,Grip Arm Kit A,Grip,LOC-02,Atlanta,2026-07-20,10,1.0,5.75,6.52076217712183
SKU-045,Grip Arm Kit A,Grip,LOC-02,Atlanta,2026-07-27,2,10.0,6.25,4.415538817602156
SKU-045,Grip Arm Kit A,Grip,LOC-02,Atlanta,2026-08-03,4,2.0,5.25,4.282014466086257
SKU-045,Grip Arm Kit A,Grip,LOC-02,Atlanta,2026-08-10,5,4.0,4.25,4.5561583077761005
SKU-045,Grip Arm Kit A,Grip,LOC-03,New York,2026-06-08,3,3.0,3.0,1.8107278291665376
SKU-045,Grip Arm Kit A,Grip,LOC-03,New York,2026-06-15,4,3.0,2.75,4.072120969617492
SKU-045,Grip Arm Kit A,Grip,LOC-03,New York,2026-06-22,0,4.0,3.5,2.373138676940941
SKU-045,Grip Arm Kit A,Grip,LOC-03,New York,2026-06-29,3,0.0,2.5,7.162158366495982
SKU-045,Grip Arm Kit A,Grip,LOC-03,New York,2026-07-06,5,3.0,2.5,5.203849446082636
SKU-045,Grip Arm Kit A,Grip,LOC-03,New York,2026-07-13,12,5.0,3.0,1.4775516517993896
SKU-045,Grip Arm Kit A,Grip,LOC-03,New York,2026-07-20,1,12.0,5.0,1.7468499834673
SKU-045,Grip Arm Kit A,Grip,LOC-03,New York,2026-07-27,0,1.0,5.25,0.1262472988760833
SKU-045,Grip Arm Kit A,Grip,LOC-03,New York,2026-08-03,3,0.0,4.5,1.6648618633556902
SKU-045,Grip Arm Kit A,Grip,LOC-03,New York,2026-08-10,1,3.0,4.0,2.0323111717509947
SKU-045,Grip Arm Kit A,Grip,LOC-04,New Orleans,2026-06-08,5,0.0,2.25,6.62272016613015
SKU-045,Grip Arm Kit A,Grip,LOC-04,New Orleans,2026-06-15,2,5.0,2.5,7.689205809814467
SKU-045,Grip Arm Kit A,Grip,LOC-04,New Orleans,2026-06-22,4,2.0,2.25,4.377205598523569
SKU-045,Grip Arm Kit A,Grip,LOC-04,New Orleans,2026-06-29,0,4.0,2.75,0.0889468316967748
SKU-045,Grip Arm Kit A,Grip,LOC-04,New Orleans,2026-07-06,9,0.0,2.75,6.989581269878872
SKU-045,Grip Arm Kit A,Grip,LOC-04,New Orleans,2026-07-13,0,9.0,3.75,1.626784344611688
SKU-045,Grip Arm Kit A,Grip,LOC-04,New Orleans,2026-07-20,0,0.0,3.25,2.464876251405444
SKU-045,Grip Arm Kit A,Grip,LOC-04,New Orleans,2026-07-27,3,0.0,2.25,3.2189109596039707
SKU-045,Grip Arm Kit A,Grip,LOC-04,New Orleans,2026-08-03,4,3.0,3.0,2.647949676740828
SKU-045,Grip Arm Kit A,Grip,LOC-04,New Orleans,2026-08-10,2,4.0,1.75,3.019908374326469
SKU-046,Apple Box Set A,Grip,LOC-01,Los Angeles,2026-06-08,21,31.0,16.5,12.81028154855243
SKU-046,Apple Box Set A,Grip,LOC-01,Los Angeles,2026-06-15,8,21.0,19.5,12.642203471432016
SKU-046,Apple Box Set A,Grip,LOC-01,Los Angeles,2026-06-22,2,8.0,19.25,7.682473593910345
SKU-046,Apple Box Set A,Grip,LOC-01,Los Angeles,2026-06-29,6,2.0,15.5,8.533406674891413
SKU-046,Apple Box Set A,Grip,LOC-01,Los Angeles,2026-07-06,13,6.0,9.25,12.43390505900793
SKU-046,Apple Box Set A,Grip,LOC-01,Los Angeles,2026-07-13,6,13.0,7.25,7.42071103178831
SKU-046,Apple Box Set A,Grip,LOC-01,Los Angeles,2026-07-20,38,6.0,6.75,23.30505435290396
SKU-046,Apple Box Set A,Grip,LOC-01,Los Angeles,2026-07-27,0,38.0,15.75,5.977568350585542
SKU-046,Apple Box Set A,Grip,LOC-01,Los Angeles,2026-08-03,1,0.0,14.25,1.1491248849400626
SKU-046,Apple Box Set A,Grip,LOC-01,Los Angeles,2026-08-10,5,1.0,11.25,7.029518697892854
SKU-046,Apple Box Set A,Grip,LOC-02,Atlanta,2026-06-08,15,59.0,20.0,21.87125243909805
SKU-046,Apple Box Set A,Grip,LOC-02,Atlanta,2026-06-15,13,15.0,22.0,11.89920514424714
SKU-046,Apple Box Set A,Grip,LOC-02,Atlanta,2026-06-22,18,13.0,23.5,20.157470980329027
SKU-046,Apple Box Set A,Grip,LOC-02,Atlanta,2026-06-29,17,18.0,26.25,18.049630768769223
SKU-046,Apple Box Set A,Grip,LOC-02,Atlanta,2026-07-06,37,17.0,15.75,23.414367590294493
SKU-046,Apple Box Set A,Grip,LOC-02,Atlanta,2026-07-13,3,37.0,21.25,5.4634383367852015
SKU-046,Apple Box Set A,Grip,LOC-02,Atlanta,2026-07-20,27,3.0,18.75,19.1108360818584
SKU-046,Apple Box Set A,Grip,LOC-02,Atlanta,2026-07-27,17,27.0,21.0,13.680298431354847
SKU-046,Apple Box Set A,Grip,LOC-02,Atlanta,2026-08-03,6,17.0,21.0,16.98763296148609
SKU-046,Apple Box Set A,Grip,LOC-02,Atlanta,2026-08-10,4,6.0,13.25,14.06819304705193
SKU-046,Apple Box Set A,Grip,LOC-03,New York,2026-06-08,7,8.0,7.0,6.054746370921695
SKU-046,Apple Box Set A,Grip,LOC-03,New York,2026-06-15,18,7.0,6.25,11.747463587148204
SKU-046,Apple Box Set A,Grip,LOC-03,New York,2026-06-22,3,18.0,9.0,6.1510272002965785
SKU-046,Apple Box Set A,Grip,LOC-03,New York,2026-06-29,19,3.0,9.0,17.26265899155192
SKU-046,Apple Box Set A,Grip,LOC-03,New York,2026-07-06,11,19.0,11.75,13.347346681447211
SKU-046,Apple Box Set A,Grip,LOC-03,New York,2026-07-13,12,11.0,12.75,5.49532449343178
SKU-046,Apple Box Set A,Grip,LOC-03,New York,2026-07-20,3,12.0,11.25,4.575266526318986
SKU-046,Apple Box Set A,Grip,LOC-03,New York,2026-07-27,1,3.0,11.25,1.3322567832562524
SKU-046,Apple Box Set A,Grip,LOC-03,New York,2026-08-03,11,1.0,6.75,6.183383018025382
SKU-046,Apple Box Set A,Grip,LOC-03,New York,2026-08-10,6,11.0,6.75,5.509032631437844
SKU-046,Apple Box Set A,Grip,LOC-04,New Orleans,2026-06-08,88,7.0,10.25,23.316881170022576
SKU-046,Apple Box Set A,Grip,LOC-04,New Orleans,2026-06-15,34,88.0,29.25,22.051940485062563
SKU-046,Apple Box Set A,Grip,LOC-04,New Orleans,2026-06-22,5,34.0,32.75,12.428920026621329
SKU-046,Apple Box Set A,Grip,LOC-04,New Orleans,2026-06-29,0,5.0,33.5,0.5382885755683351
SKU-046,Apple Box Set A,Grip,LOC-04,New Orleans,2026-07-06,17,0.0,31.75,18.938714118071665
SKU-046,Apple Box Set A,Grip,LOC-04,New Orleans,2026-07-13,6,17.0,14.0,7.113577554116538
SKU-046,Apple Box Set A,Grip,LOC-04,New Orleans,2026-07-20,13,6.0,7.0,9.762323091368
SKU-046,Apple Box Set A,Grip,LOC-04,New Orleans,2026-07-27,10,13.0,9.0,10.383026612566386
SKU-046,Apple Box Set A,Grip,LOC-04,New Orleans,2026-08-03,8,10.0,11.5,10.06836932649176
SKU-046,Apple Box Set A,Grip,LOC-04,New Orleans,2026-08-10,9,8.0,9.25,10.02143187420428
SKU-047,Flag/Scrim Kit A,Grip,LOC-01,Los Angeles,2026-06-08,17,35.0,14.75,9.925904489090456
SKU-047,Flag/Scrim Kit A,Grip,LOC-01,Los Angeles,2026-06-15,10,17.0,18.25,10.711568002371996
SKU-047,Flag/Scrim Kit A,Grip,LOC-01,Los Angeles,2026-06-22,8,10.0,18.75,7.002373841482535
SKU-047,Flag/Scrim Kit A,Grip,LOC-01,Los Angeles,2026-06-29,8,8.0,17.5,6.671638167182741
SKU-047,Flag/Scrim Kit A,Grip,LOC-01,Los Angeles,2026-07-06,10,8.0,10.75,9.490033044514172
SKU-047,Flag/Scrim Kit A,Grip,LOC-01,Los Angeles,2026-07-13,11,10.0,9.0,5.1287321535223365
SKU-047,Flag/Scrim Kit A,Grip,LOC-01,Los Angeles,2026-07-20,33,11.0,9.25,19.97679877175415
SKU-047,Flag/Scrim Kit A,Grip,LOC-01,Los Angeles,2026-07-27,4,33.0,15.5,4.302498722144518
SKU-047,Flag/Scrim Kit A,Grip,LOC-01,Los Angeles,2026-08-03,0,4.0,14.5,0.3684904502782523
SKU-047,Flag/Scrim Kit A,Grip,LOC-01,Los Angeles,2026-08-10,2,0.0,12.0,5.044040092499284
SKU-047,Flag/Scrim Kit A,Grip,LOC-02,Atlanta,2026-06-08,17,5.0,5.25,15.649372073618462
SKU-047,Flag/Scrim Kit A,Grip,LOC-02,Atlanta,2026-06-15,20,17.0,8.5,10.214453864217504
SKU-047,Flag/Scrim Kit A,Grip,LOC-02,Atlanta,2026-06-22,15,20.0,12.25,19.456363866937732
SKU-047,Flag/Scrim Kit A,Grip,LOC-02,Atlanta,2026-06-29,11,15.0,14.25,9.657110649942371
SKU-047,Flag/Scrim Kit A,Grip,LOC-02,Atlanta,2026-07-06,21,11.0,15.75,22.413306077223865
SKU-047,Flag/Scrim Kit A,Grip,LOC-02,Atlanta,2026-07-13,4,21.0,16.75,5.159418120098475
SKU-047,Flag/Scrim Kit A,Grip,LOC-02,Atlanta,2026-07-20,29,4.0,12.75,19.59395265460021
SKU-047,Flag/Scrim Kit A,Grip,LOC-02,Atlanta,2026-07-27,12,29.0,16.25,10.135128770464403
SKU-047,Flag/Scrim Kit A,Grip,LOC-02,Atlanta,2026-08-03,5,12.0,16.5,11.087160565615813
SKU-047,Flag/Scrim Kit A,Grip,LOC-02,Atlanta,2026-08-10,1,5.0,12.5,10.016553772915186
SKU-047,Flag/Scrim Kit A,Grip,LOC-03,New York,2026-06-08,5,11.0,5.25,4.257999283970161
SKU-047,Flag/Scrim Kit A,Grip,LOC-03,New York,2026-06-15,10,5.0,4.5,9.271427381516911
SKU-047,Flag/Scrim Kit A,Grip,LOC-03,New York,2026-06-22,5,10.0,6.5,4.884710771544715
SKU-047,Flag/Scrim Kit A,Grip,LOC-03,New York,2026-06-29,12,5.0,7.75,17.94676418479976
SKU-047,Flag/Scrim Kit A,Grip,LOC-03,New York,2026-07-06,14,12.0,8.0,10.964189352058977
SKU-047,Flag/Scrim Kit A,Grip,LOC-03,New York,2026-07-13,6,14.0,10.25,4.092564802122576
SKU-047,Flag/Scrim Kit A,Grip,LOC-03,New York,2026-07-20,8,6.0,9.25,3.923224324748088
SKU-047,Flag/Scrim Kit A,Grip,LOC-03,New York,2026-07-27,0,8.0,10.0,0.2299446389055059
SKU-047,Flag/Scrim Kit A,Grip,LOC-03,New York,2026-08-03,11,0.0,7.0,4.6597082596857575
SKU-047,Flag/Scrim Kit A,Grip,LOC-03,New York,2026-08-10,7,11.0,6.25,4.274086072881806
SKU-047,Flag/Scrim Kit A,Grip,LOC-04,New Orleans,2026-06-08,16,0.0,3.75,13.209280298158305
SKU-047,Flag/Scrim Kit A,Grip,LOC-04,New Orleans,2026-06-15,10,16.0,6.25,21.71022315258382
SKU-047,Flag/Scrim Kit A,Grip,LOC-04,New Orleans,2026-06-22,6,10.0,6.75,8.889570642184722
SKU-047,Flag/Scrim Kit A,Grip,LOC-04,New Orleans,2026-06-29,0,6.0,8.0,0.3212306615789969
SKU-047,Flag/Scrim Kit A,Grip,LOC-04,New Orleans,2026-07-06,21,0.0,8.0,15.501171537424993
SKU-047,Flag/Scrim Kit A,Grip,LOC-04,New Orleans,2026-07-13,4,21.0,9.25,4.311229891159033
SKU-047,Flag/Scrim Kit A,Grip,LOC-04,New Orleans,2026-07-20,8,4.0,7.75,7.531796751848038
SKU-047,Flag/Scrim Kit A,Grip,LOC-04,New Orleans,2026-07-27,5,8.0,8.25,7.716172843512823
SKU-047,Flag/Scrim Kit A,Grip,LOC-04,New Orleans,2026-08-03,5,5.0,9.5,6.8496451212170895
SKU-047,Flag/Scrim Kit A,Grip,LOC-04,New Orleans,2026-08-10,4,5.0,5.5,8.467957537795758
SKU-048,Gimbal Stabilizer A,Grip,LOC-01,Los Angeles,2026-06-08,24,26.0,9.25,8.593351803789465
SKU-048,Gimbal Stabilizer A,Grip,LOC-01,Los Angeles,2026-06-15,9,24.0,15.25,10.06225073207114
SKU-048,Gimbal Stabilizer A,Grip,LOC-01,Los Angeles,2026-06-22,7,9.0,16.25,5.83751857650693
SKU-048,Gimbal Stabilizer A,Grip,LOC-01,Los Angeles,2026-06-29,4,7.0,16.5,5.933325299059516
SKU-048,Gimbal Stabilizer A,Grip,LOC-01,Los Angeles,2026-07-06,7,4.0,11.0,8.790378272753916
SKU-048,Gimbal Stabilizer A,Grip,LOC-01,Los Angeles,2026-07-13,8,7.0,6.75,3.983233177734577
SKU-048,Gimbal Stabilizer A,Grip,LOC-01,Los Angeles,2026-07-20,28,8.0,6.5,19.20811203171081
SKU-048,Gimbal Stabilizer A,Grip,LOC-01,Los Angeles,2026-07-27,3,28.0,11.75,4.205956334661714
SKU-048,Gimbal Stabilizer A,Grip,LOC-01,Los Angeles,2026-08-03,1,3.0,11.5,0.2296714101866562
SKU-048,Gimbal Stabilizer A,Grip,LOC-01,Los Angeles,2026-08-10,3,1.0,10.0,4.977929651374194
SKU-048,Gimbal Stabilizer A,Grip,LOC-02,Atlanta,2026-06-08,5,10.0,6.0,19.167771785484536
SKU-048,Gimbal Stabilizer A,Grip,LOC-02,Atlanta,2026-06-15,8,5.0,6.5,9.67224749875451
SKU-048,Gimbal Stabilizer A,Grip,LOC-02,Atlanta,2026-06-22,15,8.0,7.0,20.711008175642423
SKU-048,Gimbal Stabilizer A,Grip,LOC-02,Atlanta,2026-06-29,12,15.0,9.5,8.493197660797925
SKU-048,Gimbal Stabilizer A,Grip,LOC-02,Atlanta,2026-07-06,19,12.0,10.0,19.97934549231361
SKU-048,Gimbal Stabilizer A,Grip,LOC-02,Atlanta,2026-07-13,5,19.0,13.5,3.708685562030592
SKU-048,Gimbal Stabilizer A,Grip,LOC-02,Atlanta,2026-07-20,29,5.0,12.75,19.213870680533987
SKU-048,Gimbal Stabilizer A,Grip,LOC-02,Atlanta,2026-07-27,11,29.0,16.25,8.96522709511369
SKU-048,Gimbal Stabilizer A,Grip,LOC-02,Atlanta,2026-08-03,7,11.0,16.0,10.30032361427751
SKU-048,Gimbal Stabilizer A,Grip,LOC-02,Atlanta,2026-08-10,6,7.0,13.0,9.248300808284409
SKU-048,Gimbal Stabilizer A,Grip,LOC-03,New York,2026-06-08,4,8.0,4.0,3.413321950696816
SKU-048,Gimbal Stabilizer A,Grip,LOC-03,New York,2026-06-15,12,4.0,4.0,9.674657917593889
SKU-048,Gimbal Stabilizer A,Grip,LOC-03,New York,2026-06-22,5,12.0,6.0,4.637428297440476
SKU-048,Gimbal Stabilizer A,Grip,LOC-03,New York,2026-06-29,16,5.0,7.25,15.506122811131304
SKU-048,Gimbal Stabilizer A,Grip,LOC-03,New York,2026-07-06,11,16.0,9.25,10.20415649208712
SKU-048,Gimbal Stabilizer A,Grip,LOC-03,New York,2026-07-13,5,11.0,11.0,3.8959311153035614
SKU-048,Gimbal Stabilizer A,Grip,LOC-03,New York,2026-07-20,6,5.0,9.25,3.62877003030028
SKU-048,Gimbal Stabilizer A,Grip,LOC-03,New York,2026-07-27,0,6.0,9.5,0.215908816226084
SKU-048,Gimbal Stabilizer A,Grip,LOC-03,New York,2026-08-03,3,0.0,5.5,3.8898246924496016
SKU-048,Gimbal Stabilizer A,Grip,LOC-03,New York,2026-08-10,7,3.0,3.5,3.693085289554296
SKU-048,Gimbal Stabilizer A,Grip,LOC-04,New Orleans,2026-06-08,17,0.0,8.0,13.161411432508483
SKU-048,Gimbal Stabilizer A,Grip,LOC-04,New Orleans,2026-06-15,4,17.0,11.0,17.14935653434148
SKU-048,Gimbal Stabilizer A,Grip,LOC-04,New Orleans,2026-06-22,36,4.0,5.75,8.73983215771429
SKU-048,Gimbal Stabilizer A,Grip,LOC-04,New Orleans,2026-06-29,0,36.0,14.25,0.7090395526475709
SKU-048,Gimbal Stabilizer A,Grip,LOC-04,New Orleans,2026-07-06,16,0.0,14.25,15.4930216017837
SKU-048,Gimbal Stabilizer A,Grip,LOC-04,New Orleans,2026-07-13,6,16.0,14.0,3.5196850741715178
SKU-048,Gimbal Stabilizer A,Grip,LOC-04,New Orleans,2026-07-20,14,6.0,14.5,6.411899091719533
SKU-048,Gimbal Stabilizer A,Grip,LOC-04,New Orleans,2026-07-27,5,14.0,9.0,6.418875153025301
SKU-048,Gimbal Stabilizer A,Grip,LOC-04,New Orleans,2026-08-03,5,5.0,10.25,6.109866385305197
SKU-048,Gimbal Stabilizer A,Grip,LOC-04,New Orleans,2026-08-10,7,5.0,7.5,7.040972157162558
SKU-049,Tripod Head A,Grip,LOC-01,Los Angeles,2026-06-08,15,13.0,8.0,4.553671000130026
SKU-049,Tripod Head A,Grip,LOC-01,Los Angeles,2026-06-15,5,15.0,11.5,5.405218906995945
SKU-049,Tripod Head A,Grip,LOC-01,Los Angeles,2026-06-22,5,5.0,11.0,4.703962506479822
SKU-049,Tripod Head A,Grip,LOC-01,Los Angeles,2026-06-29,2,5.0,9.5,4.217567975983155
SKU-049,Tripod Head A,Grip,LOC-01,Los Angeles,2026-07-06,5,2.0,6.75,5.763870947953535
SKU-049,Tripod Head A,Grip,LOC-01,Los Angeles,2026-07-13,6,5.0,4.25,3.593420371666819
SKU-049,Tripod Head A,Grip,LOC-01,Los Angeles,2026-07-20,19,6.0,4.5,9.465892323639071
SKU-049,Tripod Head A,Grip,LOC-01,Los Angeles,2026-07-27,2,19.0,8.0,2.8770244393505733
SKU-049,Tripod Head A,Grip,LOC-01,Los Angeles,2026-08-03,0,2.0,8.0,0.2751286133262034
SKU-049,Tripod Head A,Grip,LOC-01,Los Angeles,2026-08-10,2,0.0,6.75,2.6643259155356263
SKU-049,Tripod Head A,Grip,LOC-02,Atlanta,2026-06-08,2,7.0,5.0,12.318655129997929
SKU-049,Tripod Head A,Grip,LOC-02,Atlanta,2026-06-15,43,2.0,4.5,6.718512037255874
SKU-049,Tripod Head A,Grip,LOC-02,Atlanta,2026-06-22,8,43.0,14.25,11.83373210890798
SKU-049,Tripod Head A,Grip,LOC-02,Atlanta,2026-06-29,7,8.0,15.0,6.372476188652638
SKU-049,Tripod Head A,Grip,LOC-02,Atlanta,2026-07-06,12,7.0,15.0,10.85776165049476
SKU-049,Tripod Head A,Grip,LOC-02,Atlanta,2026-07-13,4,12.0,17.5,2.935041230385672
SKU-049,Tripod Head A,Grip,LOC-02,Atlanta,2026-07-20,11,4.0,7.75,11.036534049770044
SKU-049,Tripod Head A,Grip,LOC-02,Atlanta,2026-07-27,5,11.0,8.5,6.617441620795926
SKU-049,Tripod Head A,Grip,LOC-02,Atlanta,2026-08-03,6,5.0,8.0,6.707955410766888
SKU-049,Tripod Head A,Grip,LOC-02,Atlanta,2026-08-10,2,6.0,6.5,6.4867569970252665
SKU-049,Tripod Head A,Grip,LOC-03,New York,2026-06-08,2,5.0,4.25,2.8157492258446672
SKU-049,Tripod Head A,Grip,LOC-03,New York,2026-06-15,5,2.0,3.75,5.464838605830493
SKU-049,Tripod Head A,Grip,LOC-03,New York,2026-06-22,0,5.0,4.0,3.465582027978982
SKU-049,Tripod Head A,Grip,LOC-03,New York,2026-06-29,16,0.0,3.0,9.187286712354377
SKU-049,Tripod Head A,Grip,LOC-03,New York,2026-07-06,8,16.0,5.75,7.263471372535756
SKU-049,Tripod Head A,Grip,LOC-03,New York,2026-07-13,5,8.0,7.25,3.194515879921925
SKU-049,Tripod Head A,Grip,LOC-03,New York,2026-07-20,4,5.0,7.25,2.6226022380546645
SKU-049,Tripod Head A,Grip,LOC-03,New York,2026-07-27,1,4.0,8.25,0.1505488134862295
SKU-049,Tripod Head A,Grip,LOC-03,New York,2026-08-03,2,1.0,4.5,2.7029229899668183
SKU-049,Tripod Head A,Grip,LOC-03,New York,2026-08-10,1,2.0,3.0,2.6233488790698574
SKU-049,Tripod Head A,Grip,LOC-04,New Orleans,2026-06-08,8,0.0,5.0,8.42228309704871
SKU-049,Tripod Head A,Grip,LOC-04,New Orleans,2026-06-15,6,8.0,6.25,10.872959993454195
SKU-049,Tripod Head A,Grip,LOC-04,New Orleans,2026-06-22,11,6.0,4.0,6.023277732780574
SKU-049,Tripod Head A,Grip,LOC-04,New Orleans,2026-06-29,0,11.0,6.25,0.2272443242347947
SKU-049,Tripod Head A,Grip,LOC-04,New Orleans,2026-07-06,10,0.0,6.25,8.961951210986653
SKU-049,Tripod Head A,Grip,LOC-04,New Orleans,2026-07-13,5,10.0,6.75,2.6867383471103223
SKU-049,Tripod Head A,Grip,LOC-04,New Orleans,2026-07-20,4,5.0,6.5,6.30141676295469
SKU-049,Tripod Head A,Grip,LOC-04,New Orleans,2026-07-27,5,4.0,4.75,5.099443286561925
SKU-049,Tripod Head A,Grip,LOC-04,New Orleans,2026-08-03,3,5.0,6.0,5.442340188428051
SKU-049,Tripod Head A,Grip,LOC-04,New Orleans,2026-08-10,3,3.0,4.25,5.072668179597764
SKU-050,Slider Rig A,Grip,LOC-01,Los Angeles,2026-06-08,17,19.0,8.75,8.427130348051758
SKU-050,Slider Rig A,Grip,LOC-01,Los Angeles,2026-06-15,5,17.0,12.5,8.478289490816838
SKU-050,Slider Rig A,Grip,LOC-01,Los Angeles,2026-06-22,6,5.0,12.75,5.543139012667533
SKU-050,Slider Rig A,Grip,LOC-01,Los Angeles,2026-06-29,5,6.0,11.75,5.4701218220213095
SKU-050,Slider Rig A,Grip,LOC-01,Los Angeles,2026-07-06,7,5.0,8.25,8.204280697438879
SKU-050,Slider Rig A,Grip,LOC-01,Los Angeles,2026-07-13,8,7.0,5.75,3.631087780118757
SKU-050,Slider Rig A,Grip,LOC-01,Los Angeles,2026-07-20,23,8.0,6.5,17.90250961141903
SKU-050,Slider Rig A,Grip,LOC-01,Los Angeles,2026-07-27,2,23.0,10.75,4.284140796100916
SKU-050,Slider Rig A,Grip,LOC-01,Los Angeles,2026-08-03,0,2.0,10.0,0.2493766418017922
SKU-050,Slider Rig A,Grip,LOC-01,Los Angeles,2026-08-10,3,0.0,8.25,4.8567064952517045
SKU-050,Slider Rig A,Grip,LOC-02,Atlanta,2026-06-08,13,12.0,5.75,17.45762170420342
SKU-050,Slider Rig A,Grip,LOC-02,Atlanta,2026-06-15,12,13.0,8.0,8.841001084478922
SKU-050,Slider Rig A,Grip,LOC-02,Atlanta,2026-06-22,15,12.0,9.75,19.048115247889186
SKU-050,Slider Rig A,Grip,LOC-02,Atlanta,2026-06-29,8,15.0,13.0,9.550915453883906
SKU-050,Slider Rig A,Grip,LOC-02,Atlanta,2026-07-06,18,8.0,12.0,18.83089160758805
SKU-050,Slider Rig A,Grip,LOC-02,Atlanta,2026-07-13,3,18.0,13.25,3.817888219220943
SKU-050,Slider Rig A,Grip,LOC-02,Atlanta,2026-07-20,8,3.0,11.0,17.738985533877866
SKU-050,Slider Rig A,Grip,LOC-02,Atlanta,2026-07-27,7,8.0,9.25,8.716976966446978
SKU-050,Slider Rig A,Grip,LOC-02,Atlanta,2026-08-03,6,7.0,9.0,8.736237096128384
SKU-050,Slider Rig A,Grip,LOC-02,Atlanta,2026-08-10,3,6.0,6.0,9.324669470502991
SKU-050,Slider Rig A,Grip,LOC-03,New York,2026-06-08,4,7.0,5.0,3.588007164720459
SKU-050,Slider Rig A,Grip,LOC-03,New York,2026-06-15,10,4.0,4.25,9.138843799046684
SKU-050,Slider Rig A,Grip,LOC-03,New York,2026-06-22,2,10.0,6.0,4.841286928546848
SKU-050,Slider Rig A,Grip,LOC-03,New York,2026-06-29,16,2.0,5.75,13.914792775745402
SKU-050,Slider Rig A,Grip,LOC-03,New York,2026-07-06,14,16.0,8.0,9.579852845948526
SKU-050,Slider Rig A,Grip,LOC-03,New York,2026-07-13,7,14.0,10.5,3.755575989196864
SKU-050,Slider Rig A,Grip,LOC-03,New York,2026-07-20,4,7.0,9.75,3.557001199043936
SKU-050,Slider Rig A,Grip,LOC-03,New York,2026-07-27,0,4.0,10.25,0.2122526079337527
SKU-050,Slider Rig A,Grip,LOC-03,New York,2026-08-03,6,0.0,6.25,3.926393122727932
SKU-050,Slider Rig A,Grip,LOC-03,New York,2026-08-10,2,6.0,4.25,3.714642661093108
SKU-050,Slider Rig A,Grip,LOC-04,New Orleans,2026-06-08,18,0.0,6.75,13.969175767121182
SKU-050,Slider Rig A,Grip,LOC-04,New Orleans,2026-06-15,9,18.0,10.25,15.788227626293535
SKU-050,Slider Rig A,Grip,LOC-04,New Orleans,2026-06-22,9,9.0,8.0,7.866685041249084
SKU-050,Slider Rig A,Grip,LOC-04,New Orleans,2026-06-29,0,9.0,9.0,0.3118061993193628
SKU-050,Slider Rig A,Grip,LOC-04,New Orleans,2026-07-06,14,0.0,9.0,14.364895583956429
SKU-050,Slider Rig A,Grip,LOC-04,New Orleans,2026-07-13,5,14.0,8.0,3.701770280253727
SKU-050,Slider Rig A,Grip,LOC-04,New Orleans,2026-07-20,4,5.0,7.0,5.908345163136996
SKU-050,Slider Rig A,Grip,LOC-04,New Orleans,2026-07-27,4,4.0,5.75,6.395304009935021
SKU-050,Slider Rig A,Grip,LOC-04,New Orleans,2026-08-03,1,4.0,6.75,5.1931370389496
SKU-050,Slider Rig A,Grip,LOC-04,New Orleans,2026-08-10,6,1.0,3.5,6.006413203254478
SKU-051,V-Mount Battery A,Battery,LOC-01,Los Angeles,2026-06-08,13,16.0,6.25,3.998339152579245
SKU-051,V-Mount Battery A,Battery,LOC-01,Los Angeles,2026-06-15,8,13.0,9.25,3.992215697277514
SKU-051,V-Mount Battery A,Battery,LOC-01,Los Angeles,2026-06-22,0,8.0,10.75,3.014258371944415
SKU-051,V-Mount Battery A,Battery,LOC-01,Los Angeles,2026-06-29,3,0.0,9.25,3.279059088681499
SKU-051,V-Mount Battery A,Battery,LOC-01,Los Angeles,2026-07-06,1,3.0,6.0,5.703586085605617
SKU-051,V-Mount Battery A,Battery,LOC-01,Los Angeles,2026-07-13,0,1.0,3.0,2.5083780996252987
SKU-051,V-Mount Battery A,Battery,LOC-01,Los Angeles,2026-07-20,14,0.0,1.0,7.167245281325496
SKU-051,V-Mount Battery A,Battery,LOC-01,Los Angeles,2026-07-27,2,14.0,4.5,2.1269634322809794
SKU-051,V-Mount Battery A,Battery,LOC-01,Los Angeles,2026-08-03,0,2.0,4.25,0.2963860380191535
SKU-051,V-Mount Battery A,Battery,LOC-01,Los Angeles,2026-08-10,4,0.0,4.0,1.8727880544069049
SKU-051,V-Mount Battery A,Battery,LOC-02,Atlanta,2026-06-08,4,9.0,3.25,10.821761659423998
SKU-051,V-Mount Battery A,Battery,LOC-02,Atlanta,2026-06-15,4,4.0,4.25,4.31931156521558
SKU-051,V-Mount Battery A,Battery,LOC-02,Atlanta,2026-06-22,8,4.0,5.25,7.8159927210040925
SKU-051,V-Mount Battery A,Battery,LOC-02,Atlanta,2026-06-29,10,8.0,6.25,5.941317620492423
SKU-051,V-Mount Battery A,Battery,LOC-02,Atlanta,2026-07-06,7,10.0,6.5,9.80144387463518
SKU-051,V-Mount Battery A,Battery,LOC-02,Atlanta,2026-07-13,2,7.0,7.25,2.530517682472092
SKU-051,V-Mount Battery A,Battery,LOC-02,Atlanta,2026-07-20,6,2.0,6.75,8.80572724001185
SKU-051,V-Mount Battery A,Battery,LOC-02,Atlanta,2026-07-27,5,6.0,6.25,5.2126659578764825
SKU-051,V-Mount Battery A,Battery,LOC-02,Atlanta,2026-08-03,2,5.0,5.0,4.909523488044289
SKU-051,V-Mount Battery A,Battery,LOC-02,Atlanta,2026-08-10,4,2.0,3.75,4.904630335601542
SKU-051,V-Mount Battery A,Battery,LOC-03,New York,2026-06-08,0,7.0,3.0,1.9779386082405468
SKU-051,V-Mount Battery A,Battery,LOC-03,New York,2026-06-15,9,0.0,2.5,3.913499497473268
SKU-051,V-Mount Battery A,Battery,LOC-03,New York,2026-06-22,1,9.0,4.25,2.495150601131595
SKU-051,V-Mount Battery A,Battery,LOC-03,New York,2026-06-29,9,1.0,4.25,7.746855613319851
SKU-051,V-Mount Battery A,Battery,LOC-03,New York,2026-07-06,2,9.0,4.75,6.314870977045344
SKU-051,V-Mount Battery A,Battery,LOC-03,New York,2026-07-13,5,2.0,5.25,2.3455628718117296
SKU-051,V-Mount Battery A,Battery,LOC-03,New York,2026-07-20,5,5.0,4.25,1.9058357833389985
SKU-051,V-Mount Battery A,Battery,LOC-03,New York,2026-07-27,0,5.0,5.25,0.1973352692000502
SKU-051,V-Mount Battery A,Battery,LOC-03,New York,2026-08-03,3,0.0,3.0,1.7952301463717604
SKU-051,V-Mount Battery A,Battery,LOC-03,New York,2026-08-10,1,3.0,3.25,1.9840585988424957
SKU-051,V-Mount Battery A,Battery,LOC-04,New Orleans,2026-06-08,9,0.0,2.0,7.143082595855849
SKU-051,V-Mount Battery A,Battery,LOC-04,New Orleans,2026-06-15,7,9.0,3.25,8.609115680986935
SKU-051,V-Mount Battery A,Battery,LOC-04,New Orleans,2026-06-22,3,7.0,4.25,4.986732613267744
SKU-051,V-Mount Battery A,Battery,LOC-04,New Orleans,2026-06-29,0,3.0,4.75,0.1844037887614126
SKU-051,V-Mount Battery A,Battery,LOC-04,New Orleans,2026-07-06,7,0.0,4.75,6.994859950659836
SKU-051,V-Mount Battery A,Battery,LOC-04,New Orleans,2026-07-13,1,7.0,4.25,2.048309702240521
SKU-051,V-Mount Battery A,Battery,LOC-04,New Orleans,2026-07-20,8,1.0,2.75,3.0828247594494638
SKU-051,V-Mount Battery A,Battery,LOC-04,New Orleans,2026-07-27,7,8.0,4.0,2.746278043670665
SKU-051,V-Mount Battery A,Battery,LOC-04,New Orleans,2026-08-03,4,7.0,5.75,3.4521861529551967
SKU-051,V-Mount Battery A,Battery,LOC-04,New Orleans,2026-08-10,5,4.0,5.0,2.951743174937346
SKU-052,V-Mount Battery B,Battery,LOC-01,Los Angeles,2026-06-08,26,31.0,15.0,13.033683716198396
SKU-052,V-Mount Battery B,Battery,LOC-01,Los Angeles,2026-06-15,14,26.0,20.5,12.74998942299541
SKU-052,V-Mount Battery B,Battery,LOC-01,Los Angeles,2026-06-22,2,14.0,22.0,7.972366223885183
SKU-052,V-Mount Battery B,Battery,LOC-01,Los Angeles,2026-06-29,39,2.0,18.25,8.773808006950432
SKU-052,V-Mount Battery B,Battery,LOC-01,Los Angeles,2026-07-06,10,39.0,20.25,14.576183921364416
SKU-052,V-Mount Battery B,Battery,LOC-01,Los Angeles,2026-07-13,15,10.0,16.25,6.997050487392872
SKU-052,V-Mount Battery B,Battery,LOC-01,Los Angeles,2026-07-20,51,15.0,16.5,21.054467054387423
SKU-052,V-Mount Battery B,Battery,LOC-01,Los Angeles,2026-07-27,3,51.0,28.75,6.061603376187304
SKU-052,V-Mount Battery B,Battery,LOC-01,Los Angeles,2026-08-03,0,3.0,19.75,0.4335961989401229
SKU-052,V-Mount Battery B,Battery,LOC-01,Los Angeles,2026-08-10,10,0.0,17.25,6.428715616480539
SKU-052,V-Mount Battery B,Battery,LOC-02,Atlanta,2026-06-08,9,28.0,12.0,20.480132884509345
SKU-052,V-Mount Battery B,Battery,LOC-02,Atlanta,2026-06-15,26,9.0,12.25,11.55744753885839
SKU-052,V-Mount Battery B,Battery,LOC-02,Atlanta,2026-06-22,17,26.0,16.5,20.074645983380883
SKU-052,V-Mount Battery B,Battery,LOC-02,Atlanta,2026-06-29,81,17.0,20.0,14.626237993319045
SKU-052,V-Mount Battery B,Battery,LOC-02,Atlanta,2026-07-06,27,81.0,33.25,20.110250362922216
SKU-052,V-Mount Battery B,Battery,LOC-02,Atlanta,2026-07-13,3,27.0,37.75,7.408213528478755
SKU-052,V-Mount Battery B,Battery,LOC-02,Atlanta,2026-07-20,17,3.0,32.0,18.676273390122777
SKU-052,V-Mount Battery B,Battery,LOC-02,Atlanta,2026-07-27,17,17.0,32.0,16.36716905415886
SKU-052,V-Mount Battery B,Battery,LOC-02,Atlanta,2026-08-03,7,17.0,16.0,12.626066273887991
SKU-052,V-Mount Battery B,Battery,LOC-02,Atlanta,2026-08-10,9,7.0,11.0,13.24145093172485
SKU-052,V-Mount Battery B,Battery,LOC-03,New York,2026-06-08,8,12.0,7.25,5.960957818686051
SKU-052,V-Mount Battery B,Battery,LOC-03,New York,2026-06-15,18,8.0,7.75,11.618291097638862
SKU-052,V-Mount Battery B,Battery,LOC-03,New York,2026-06-22,8,18.0,10.25,5.787546303011855
SKU-052,V-Mount Battery B,Battery,LOC-03,New York,2026-06-29,25,8.0,11.5,22.85780259814285
SKU-052,V-Mount Battery B,Battery,LOC-03,New York,2026-07-06,11,25.0,14.75,14.199415557416897
SKU-052,V-Mount Battery B,Battery,LOC-03,New York,2026-07-13,3,11.0,15.5,5.4684262693542935
SKU-052,V-Mount Battery B,Battery,LOC-03,New York,2026-07-20,5,3.0,11.75,5.10268795140085
SKU-052,V-Mount Battery B,Battery,LOC-03,New York,2026-07-27,0,5.0,11.0,0.2827654569893614
SKU-052,V-Mount Battery B,Battery,LOC-03,New York,2026-08-03,5,0.0,4.75,6.0002426477085855
SKU-052,V-Mount Battery B,Battery,LOC-03,New York,2026-08-10,2,5.0,3.25,4.828819855259713
SKU-052,V-Mount Battery B,Battery,LOC-04,New Orleans,2026-06-08,21,0.0,7.0,15.454924494244542
SKU-052,V-Mount Battery B,Battery,LOC-04,New Orleans,2026-06-15,3,21.0,10.0,20.281668711532674
SKU-052,V-Mount Battery B,Battery,LOC-04,New Orleans,2026-06-22,15,3.0,7.0,10.857023811065016
SKU-052,V-Mount Battery B,Battery,LOC-04,New Orleans,2026-06-29,0,15.0,9.75,0.2859846940119467
SKU-052,V-Mount Battery B,Battery,LOC-04,New Orleans,2026-07-06,15,0.0,9.75,15.966781214033205
SKU-052,V-Mount Battery B,Battery,LOC-04,New Orleans,2026-07-13,5,15.0,8.25,5.603622529363531
SKU-052,V-Mount Battery B,Battery,LOC-04,New Orleans,2026-07-20,18,5.0,8.75,10.834419863767202
SKU-052,V-Mount Battery B,Battery,LOC-04,New Orleans,2026-07-27,12,18.0,9.5,10.150666149890966
SKU-052,V-Mount Battery B,Battery,LOC-04,New Orleans,2026-08-03,11,12.0,12.5,10.361229572946645
SKU-052,V-Mount Battery B,Battery,LOC-04,New Orleans,2026-08-10,6,11.0,11.5,10.802036325010734
SKU-053,Gold-Mount Battery A,Battery,LOC-01,Los Angeles,2026-06-08,39,49.0,34.25,19.04850142232969
SKU-053,Gold-Mount Battery A,Battery,LOC-01,Los Angeles,2026-06-15,16,39.0,29.25,21.10161828874225
SKU-053,Gold-Mount Battery A,Battery,LOC-01,Los Angeles,2026-06-22,3,16.0,30.25,9.12120499985518
SKU-053,Gold-Mount Battery A,Battery,LOC-01,Los Angeles,2026-06-29,10,3.0,26.75,9.523516247817655
SKU-053,Gold-Mount Battery A,Battery,LOC-01,Los Angeles,2026-07-06,21,10.0,17.0,19.198829912105115
SKU-053,Gold-Mount Battery A,Battery,LOC-01,Los Angeles,2026-07-13,15,21.0,12.5,8.428921902312275
SKU-053,Gold-Mount Battery A,Battery,LOC-01,Los Angeles,2026-07-20,57,15.0,12.25,26.02441940225668
SKU-053,Gold-Mount Battery A,Battery,LOC-01,Los Angeles,2026-07-27,26,57.0,25.75,9.420869254674116
SKU-053,Gold-Mount Battery A,Battery,LOC-01,Los Angeles,2026-08-03,0,26.0,29.75,0.611514092856048
SKU-053,Gold-Mount Battery A,Battery,LOC-01,Los Angeles,2026-08-10,9,0.0,24.5,8.444510613450651
SKU-053,Gold-Mount Battery A,Battery,LOC-02,Atlanta,2026-06-08,24,46.0,24.25,51.82221612196281
SKU-053,Gold-Mount Battery A,Battery,LOC-02,Atlanta,2026-06-15,24,24.0,22.0,15.665190152695684
SKU-053,Gold-Mount Battery A,Battery,LOC-02,Atlanta,2026-06-22,25,24.0,25.75,25.957553998289303
SKU-053,Gold-Mount Battery A,Battery,LOC-02,Atlanta,2026-06-29,19,25.0,29.75,19.963608610809285
SKU-053,Gold-Mount Battery A,Battery,LOC-02,Atlanta,2026-07-06,33,19.0,23.0,47.58378715949944
SKU-053,Gold-Mount Battery A,Battery,LOC-02,Atlanta,2026-07-13,4,33.0,25.25,13.474760214431718
SKU-053,Gold-Mount Battery A,Battery,LOC-02,Atlanta,2026-07-20,39,4.0,20.25,47.83061662750304
SKU-053,Gold-Mount Battery A,Battery,LOC-02,Atlanta,2026-07-27,25,39.0,23.75,19.263617045124978
SKU-053,Gold-Mount Battery A,Battery,LOC-02,Atlanta,2026-08-03,9,25.0,25.25,18.764411826225206
SKU-053,Gold-Mount Battery A,Battery,LOC-02,Atlanta,2026-08-10,6,9.0,19.25,24.583105398974972
SKU-053,Gold-Mount Battery A,Battery,LOC-03,New York,2026-06-08,8,35.0,13.75,7.507047666055413
SKU-053,Gold-Mount Battery A,Battery,LOC-03,New York,2026-06-15,30,8.0,12.5,18.70161102339025
SKU-053,Gold-Mount Battery A,Battery,LOC-03,New York,2026-06-22,6,30.0,19.0,9.914889102170998
SKU-053,Gold-Mount Battery A,Battery,LOC-03,New York,2026-06-29,33,6.0,19.75,46.42817522510168
SKU-053,Gold-Mount Battery A,Battery,LOC-03,New York,2026-07-06,70,33.0,19.25,17.36117107227105
SKU-053,Gold-Mount Battery A,Battery,LOC-03,New York,2026-07-13,14,70.0,34.75,9.103432852207128
SKU-053,Gold-Mount Battery A,Battery,LOC-03,New York,2026-07-20,4,14.0,30.75,8.950793964786621
SKU-053,Gold-Mount Battery A,Battery,LOC-03,New York,2026-07-27,3,4.0,30.25,1.0317840722891365
SKU-053,Gold-Mount Battery A,Battery,LOC-03,New York,2026-08-03,11,3.0,22.75,9.327636604961942
SKU-053,Gold-Mount Battery A,Battery,LOC-03,New York,2026-08-10,5,11.0,8.0,7.432667834858363
SKU-053,Gold-Mount Battery A,Battery,LOC-04,New Orleans,2026-06-08,35,0.0,11.25,24.311228064182988
SKU-053,Gold-Mount Battery A,Battery,LOC-04,New Orleans,2026-06-15,10,35.0,17.0,57.09813061938061
SKU-053,Gold-Mount Battery A,Battery,LOC-04,New Orleans,2026-06-22,10,10.0,12.5,17.474363810829807
SKU-053,Gold-Mount Battery A,Battery,LOC-04,New Orleans,2026-06-29,0,10.0,13.75,0.4131660390634212
SKU-053,Gold-Mount Battery A,Battery,LOC-04,New Orleans,2026-07-06,29,0.0,13.75,39.05618748964744
SKU-053,Gold-Mount Battery A,Battery,LOC-04,New Orleans,2026-07-13,7,29.0,12.25,6.527519432228065
SKU-053,Gold-Mount Battery A,Battery,LOC-04,New Orleans,2026-07-20,25,7.0,11.5,22.74948115162113
SKU-053,Gold-Mount Battery A,Battery,LOC-04,New Orleans,2026-07-27,8,25.0,15.25,15.469629574438862
SKU-053,Gold-Mount Battery A,Battery,LOC-04,New Orleans,2026-08-03,15,8.0,17.25,24.294760365915817
SKU-053,Gold-Mount Battery A,Battery,LOC-04,New Orleans,2026-08-10,11,15.0,13.75,15.937092323874865
SKU-054,Battery Charger Station A,Battery,LOC-01,Los Angeles,2026-06-08,13,18.0,22.75,7.126300255635181
SKU-054,Battery Charger Station A,Battery,LOC-01,Los Angeles,2026-06-15,10,13.0,24.5,7.359549305371668
SKU-054,Battery Charger Station A,Battery,LOC-01,Los Angeles,2026-06-22,1,10.0,25.0,5.177389549359479
SKU-054,Battery Charger Station A,Battery,LOC-01,Los Angeles,2026-06-29,7,1.0,10.5,4.776030493312934
SKU-054,Battery Charger Station A,Battery,LOC-01,Los Angeles,2026-07-06,4,7.0,7.75,7.222115004559509
SKU-054,Battery Charger Station A,Battery,LOC-01,Los Angeles,2026-07-13,4,4.0,5.5,4.1700326693460825
SKU-054,Battery Charger Station A,Battery,LOC-01,Los Angeles,2026-07-20,33,4.0,4.0,13.369625465264294
SKU-054,Battery Charger Station A,Battery,LOC-01,Los Angeles,2026-07-27,0,33.0,12.0,3.535681297048815
SKU-054,Battery Charger Station A,Battery,LOC-01,Los Angeles,2026-08-03,1,0.0,10.25,0.3656817838131641
SKU-054,Battery Charger Station A,Battery,LOC-01,Los Angeles,2026-08-10,3,1.0,9.5,4.2928919589091485
SKU-054,Battery Charger Station A,Battery,LOC-02,Atlanta,2026-06-08,1,11.0,4.25,14.258927215031788
SKU-054,Battery Charger Station A,Battery,LOC-02,Atlanta,2026-06-15,6,1.0,4.25,6.678643312834828
SKU-054,Battery Charger Station A,Battery,LOC-02,Atlanta,2026-06-22,10,6.0,5.0,14.114540755859649
SKU-054,Battery Charger Station A,Battery,LOC-02,Atlanta,2026-06-29,4,10.0,7.0,6.842314390084879
SKU-054,Battery Charger Station A,Battery,LOC-02,Atlanta,2026-07-06,16,4.0,5.25,12.652255360785611
SKU-054,Battery Charger Station A,Battery,LOC-02,Atlanta,2026-07-13,0,16.0,9.0,3.623240426058997
SKU-054,Battery Charger Station A,Battery,LOC-02,Atlanta,2026-07-20,8,0.0,7.5,14.41364305241442
SKU-054,Battery Charger Station A,Battery,LOC-02,Atlanta,2026-07-27,14,8.0,7.0,7.1186683756818185
SKU-054,Battery Charger Station A,Battery,LOC-02,Atlanta,2026-08-03,1,14.0,9.5,6.951724308433191
SKU-054,Battery Charger Station A,Battery,LOC-02,Atlanta,2026-08-10,7,1.0,5.75,7.7989912414335185
SKU-054,Battery Charger Station A,Battery,LOC-03,New York,2026-06-08,1,9.0,4.0,2.944564953463002
SKU-054,Battery Charger Station A,Battery,LOC-03,New York,2026-06-15,12,1.0,3.0,6.64334926368785
SKU-054,Battery Charger Station A,Battery,LOC-03,New York,2026-06-22,1,12.0,5.75,3.5700704098849765
SKU-054,Battery Charger Station A,Battery,LOC-03,New York,2026-06-29,10,1.0,5.75,13.050326361748406
SKU-054,Battery Charger Station A,Battery,LOC-03,New York,2026-07-06,6,10.0,6.0,7.540880958313408
SKU-054,Battery Charger Station A,Battery,LOC-03,New York,2026-07-13,3,6.0,7.25,3.699532225408116
SKU-054,Battery Charger Station A,Battery,LOC-03,New York,2026-07-20,6,3.0,5.0,2.707846505182504
SKU-054,Battery Charger Station A,Battery,LOC-03,New York,2026-07-27,0,6.0,6.25,0.1227543904260561
SKU-054,Battery Charger Station A,Battery,LOC-03,New York,2026-08-03,2,0.0,3.75,2.90018338975226
SKU-054,Battery Charger Station A,Battery,LOC-03,New York,2026-08-10,2,2.0,2.75,2.7247081603522862
SKU-054,Battery Charger Station A,Battery,LOC-04,New Orleans,2026-06-08,12,0.0,3.75,12.440629954250726
SKU-054,Battery Charger Station A,Battery,LOC-04,New Orleans,2026-06-15,4,12.0,5.5,13.85549289361427
SKU-054,Battery Charger Station A,Battery,LOC-04,New Orleans,2026-06-22,2,4.0,4.25,6.505472987612352
SKU-054,Battery Charger Station A,Battery,LOC-04,New Orleans,2026-06-29,0,2.0,4.5,0.2333754153871361
SKU-054,Battery Charger Station A,Battery,LOC-04,New Orleans,2026-07-06,12,0.0,4.5,12.45117968829273
SKU-054,Battery Charger Station A,Battery,LOC-04,New Orleans,2026-07-13,6,12.0,4.5,3.017434248271666
SKU-054,Battery Charger Station A,Battery,LOC-04,New Orleans,2026-07-20,21,6.0,5.0,6.2150477022644965
SKU-054,Battery Charger Station A,Battery,LOC-04,New Orleans,2026-07-27,12,21.0,9.75,5.583684259588607
SKU-054,Battery Charger Station A,Battery,LOC-04,New Orleans,2026-08-03,3,12.0,12.75,6.204674258200077
SKU-054,Battery Charger Station A,Battery,LOC-04,New Orleans,2026-08-10,4,3.0,10.5,6.49409303037731
SKU-055,Portable Power Station A,Battery,LOC-01,Los Angeles,2026-06-08,17,27.0,9.75,7.12701637606528
SKU-055,Portable Power Station A,Battery,LOC-01,Los Angeles,2026-06-15,5,17.0,12.75,7.793321857107426
SKU-055,Portable Power Station A,Battery,LOC-01,Los Angeles,2026-06-22,4,5.0,13.5,5.419839517085587
SKU-055,Portable Power Station A,Battery,LOC-01,Los Angeles,2026-06-29,0,4.0,13.25,5.022167327726688
SKU-055,Portable Power Station A,Battery,LOC-01,Los Angeles,2026-07-06,15,0.0,6.5,8.699216843900134
SKU-055,Portable Power Station A,Battery,LOC-01,Los Angeles,2026-07-13,7,15.0,6.0,5.201755316387708
SKU-055,Portable Power Station A,Battery,LOC-01,Los Angeles,2026-07-20,25,7.0,6.5,16.393305088989244
SKU-055,Portable Power Station A,Battery,LOC-01,Los Angeles,2026-07-27,2,25.0,11.75,3.57472861067823
SKU-055,Portable Power Station A,Battery,LOC-01,Los Angeles,2026-08-03,0,2.0,12.25,0.2208682411436011
SKU-055,Portable Power Station A,Battery,LOC-01,Los Angeles,2026-08-10,4,0.0,8.5,4.071173440932965
SKU-055,Portable Power Station A,Battery,LOC-02,Atlanta,2026-06-08,9,14.0,6.75,15.539129640733956
SKU-055,Portable Power Station A,Battery,LOC-02,Atlanta,2026-06-15,6,9.0,8.0,7.256355903625751
SKU-055,Portable Power Station A,Battery,LOC-02,Atlanta,2026-06-22,13,6.0,8.0,14.222488861543072
SKU-055,Portable Power Station A,Battery,LOC-02,Atlanta,2026-06-29,9,13.0,10.5,8.697179216581699
SKU-055,Portable Power Station A,Battery,LOC-02,Atlanta,2026-07-06,17,9.0,9.25,15.721952753444327
SKU-055,Portable Power Station A,Battery,LOC-02,Atlanta,2026-07-13,2,17.0,11.25,3.111307486018481
SKU-055,Portable Power Station A,Battery,LOC-02,Atlanta,2026-07-20,18,2.0,10.25,16.422837059215862
SKU-055,Portable Power Station A,Battery,LOC-02,Atlanta,2026-07-27,10,18.0,11.5,8.109253394692757
SKU-055,Portable Power Station A,Battery,LOC-02,Atlanta,2026-08-03,11,10.0,11.75,8.395595457880317
SKU-055,Portable Power Station A,Battery,LOC-02,Atlanta,2026-08-10,5,11.0,10.25,8.435564862462877
SKU-055,Portable Power Station A,Battery,LOC-03,New York,2026-06-08,1,9.0,4.5,3.033723704676848
SKU-055,Portable Power Station A,Battery,LOC-03,New York,2026-06-15,12,1.0,3.5,8.410150928502167
SKU-055,Portable Power Station A,Battery,LOC-03,New York,2026-06-22,2,12.0,5.5,4.172058906885142
SKU-055,Portable Power Station A,Battery,LOC-03,New York,2026-06-29,13,2.0,6.0,13.563694044605793
SKU-055,Portable Power Station A,Battery,LOC-03,New York,2026-07-06,1,13.0,7.0,8.508320540718197
SKU-055,Portable Power Station A,Battery,LOC-03,New York,2026-07-13,2,1.0,7.0,3.4433031194427546
SKU-055,Portable Power Station A,Battery,LOC-03,New York,2026-07-20,4,2.0,4.5,2.857540238563636
SKU-055,Portable Power Station A,Battery,LOC-03,New York,2026-07-27,0,4.0,5.0,0.1759467703581688
SKU-055,Portable Power Station A,Battery,LOC-03,New York,2026-08-03,6,0.0,1.75,2.86492255499541
SKU-055,Portable Power Station A,Battery,LOC-03,New York,2026-08-10,2,6.0,3.0,2.901571909434616
SKU-055,Portable Power Station A,Battery,LOC-04,New Orleans,2026-06-08,7,0.0,5.0,13.889372415976124
SKU-055,Portable Power Station A,Battery,LOC-04,New Orleans,2026-06-15,6,7.0,5.0,14.240093159600772
SKU-055,Portable Power Station A,Battery,LOC-04,New Orleans,2026-06-22,4,6.0,3.75,7.277973307303658
SKU-055,Portable Power Station A,Battery,LOC-04,New Orleans,2026-06-29,0,4.0,4.25,0.2736741743287833
SKU-055,Portable Power Station A,Battery,LOC-04,New Orleans,2026-07-06,8,0.0,4.25,13.559910938998875
SKU-055,Portable Power Station A,Battery,LOC-04,New Orleans,2026-07-13,0,8.0,4.5,3.0011438210700008
SKU-055,Portable Power Station A,Battery,LOC-04,New Orleans,2026-07-20,9,0.0,3.0,5.548729826014067
SKU-055,Portable Power Station A,Battery,LOC-04,New Orleans,2026-07-27,5,9.0,4.25,6.244191282683334
SKU-055,Portable Power Station A,Battery,LOC-04,New Orleans,2026-08-03,1,5.0,5.5,6.523959568203901
SKU-055,Portable Power Station A,Battery,LOC-04,New Orleans,2026-08-10,4,1.0,3.75,5.254302039083848
SKU-056,V-Mount Battery C,Battery,LOC-01,Los Angeles,2026-06-08,45,59.0,25.0,24.338218533676997
SKU-056,V-Mount Battery C,Battery,LOC-01,Los Angeles,2026-06-15,16,45.0,35.0,21.417963084684185
SKU-056,V-Mount Battery C,Battery,LOC-01,Los Angeles,2026-06-22,5,16.0,36.5,9.06732799623453
SKU-056,V-Mount Battery C,Battery,LOC-01,Los Angeles,2026-06-29,5,5.0,31.25,9.005439063724078
SKU-056,V-Mount Battery C,Battery,LOC-01,Los Angeles,2026-07-06,13,5.0,17.75,19.97830767952899
SKU-056,V-Mount Battery C,Battery,LOC-01,Los Angeles,2026-07-13,15,13.0,9.75,8.563502337052055
SKU-056,V-Mount Battery C,Battery,LOC-01,Los Angeles,2026-07-20,53,15.0,9.5,30.91042969635714
SKU-056,V-Mount Battery C,Battery,LOC-01,Los Angeles,2026-07-27,5,53.0,21.5,8.695563288677025
SKU-056,V-Mount Battery C,Battery,LOC-01,Los Angeles,2026-08-03,0,5.0,21.5,0.677065555283738
SKU-056,V-Mount Battery C,Battery,LOC-01,Los Angeles,2026-08-10,11,0.0,18.25,8.44960181229883
SKU-056,V-Mount Battery C,Battery,LOC-02,Atlanta,2026-06-08,13,39.0,16.25,30.800445477724903
SKU-056,V-Mount Battery C,Battery,LOC-02,Atlanta,2026-06-15,26,13.0,17.5,16.15481713615777
SKU-056,V-Mount Battery C,Battery,LOC-02,Atlanta,2026-06-22,32,26.0,22.0,26.2747732818652
SKU-056,V-Mount Battery C,Battery,LOC-02,Atlanta,2026-06-29,34,32.0,27.5,21.040748814348795
SKU-056,V-Mount Battery C,Battery,LOC-02,Atlanta,2026-07-06,32,34.0,26.25,26.469797557147015
SKU-056,V-Mount Battery C,Battery,LOC-02,Atlanta,2026-07-13,10,32.0,31.0,12.83345729982232
SKU-056,V-Mount Battery C,Battery,LOC-02,Atlanta,2026-07-20,31,10.0,27.0,45.60377440395862
SKU-056,V-Mount Battery C,Battery,LOC-02,Atlanta,2026-07-27,24,31.0,26.75,18.75841934749361
SKU-056,V-Mount Battery C,Battery,LOC-02,Atlanta,2026-08-03,14,24.0,24.25,20.79104929481647
SKU-056,V-Mount Battery C,Battery,LOC-02,Atlanta,2026-08-10,10,14.0,19.75,21.27303722266028
SKU-056,V-Mount Battery C,Battery,LOC-03,New York,2026-06-08,9,27.0,12.25,7.41321468330336
SKU-056,V-Mount Battery C,Battery,LOC-03,New York,2026-06-15,21,9.0,11.75,19.705370928674444
SKU-056,V-Mount Battery C,Battery,LOC-03,New York,2026-06-22,5,21.0,15.5,10.117611605101308
SKU-056,V-Mount Battery C,Battery,LOC-03,New York,2026-06-29,24,5.0,15.5,44.54564601478244
SKU-056,V-Mount Battery C,Battery,LOC-03,New York,2026-07-06,21,24.0,14.75,17.043120401568835
SKU-056,V-Mount Battery C,Battery,LOC-03,New York,2026-07-13,14,21.0,17.75,10.911554381055453
SKU-056,V-Mount Battery C,Battery,LOC-03,New York,2026-07-20,5,14.0,16.0,7.153115736673305
SKU-056,V-Mount Battery C,Battery,LOC-03,New York,2026-07-27,0,5.0,16.0,0.6611350050651358
SKU-056,V-Mount Battery C,Battery,LOC-03,New York,2026-08-03,6,0.0,10.0,6.760531227476426
SKU-056,V-Mount Battery C,Battery,LOC-03,New York,2026-08-10,10,6.0,6.25,7.671064674639576
SKU-056,V-Mount Battery C,Battery,LOC-04,New Orleans,2026-06-08,21,2.0,10.0,24.35205372136893
SKU-056,V-Mount Battery C,Battery,LOC-04,New Orleans,2026-06-15,18,21.0,12.5,58.87499187910044
SKU-056,V-Mount Battery C,Battery,LOC-04,New Orleans,2026-06-22,13,18.0,11.0,15.833274564131566
SKU-056,V-Mount Battery C,Battery,LOC-04,New Orleans,2026-06-29,0,13.0,13.5,0.4334522392345168
SKU-056,V-Mount Battery C,Battery,LOC-04,New Orleans,2026-07-06,25,0.0,13.0,34.575676975651646
SKU-056,V-Mount Battery C,Battery,LOC-04,New Orleans,2026-07-13,9,25.0,14.0,6.246959699168177
SKU-056,V-Mount Battery C,Battery,LOC-04,New Orleans,2026-07-20,27,9.0,11.75,21.18821496216474
SKU-056,V-Mount Battery C,Battery,LOC-04,New Orleans,2026-07-27,14,27.0,15.25,15.466787267335738
SKU-056,V-Mount Battery C,Battery,LOC-04,New Orleans,2026-08-03,17,14.0,18.75,23.70320760131895
SKU-056,V-Mount Battery C,Battery,LOC-04,New Orleans,2026-08-10,20,17.0,16.75,16.448397920400968
SKU-057,Gold-Mount Battery B,Battery,LOC-01,Los Angeles,2026-06-08,17,27.0,13.5,9.560120399162251
SKU-057,Gold-Mount Battery B,Battery,LOC-01,Los Angeles,2026-06-15,9,17.0,16.25,11.260262599490066
SKU-057,Gold-Mount Battery B,Battery,LOC-01,Los Angeles,2026-06-22,6,9.0,17.25,7.04453196717781
SKU-057,Gold-Mount Battery B,Battery,LOC-01,Los Angeles,2026-06-29,8,6.0,14.75,6.589519839412122
SKU-057,Gold-Mount Battery B,Battery,LOC-01,Los Angeles,2026-07-06,8,8.0,10.0,9.154716886757416
SKU-057,Gold-Mount Battery B,Battery,LOC-01,Los Angeles,2026-07-13,13,8.0,7.75,4.856431976719503
SKU-057,Gold-Mount Battery B,Battery,LOC-01,Los Angeles,2026-07-20,29,13.0,8.75,20.54662093560796
SKU-057,Gold-Mount Battery B,Battery,LOC-01,Los Angeles,2026-07-27,0,29.0,14.5,4.513176411016482
SKU-057,Gold-Mount Battery B,Battery,LOC-01,Los Angeles,2026-08-03,0,0.0,12.5,0.3081537657393907
SKU-057,Gold-Mount Battery B,Battery,LOC-01,Los Angeles,2026-08-10,7,0.0,10.5,6.734736744103394
SKU-057,Gold-Mount Battery B,Battery,LOC-02,Atlanta,2026-06-08,13,25.0,11.0,19.60022583058972
SKU-057,Gold-Mount Battery B,Battery,LOC-02,Atlanta,2026-06-15,11,13.0,12.75,9.555400910388546
SKU-057,Gold-Mount Battery B,Battery,LOC-02,Atlanta,2026-06-22,19,11.0,13.5,18.830247811851383
SKU-057,Gold-Mount Battery B,Battery,LOC-02,Atlanta,2026-06-29,10,19.0,17.0,9.517384961531915
SKU-057,Gold-Mount Battery B,Battery,LOC-02,Atlanta,2026-07-06,28,10.0,13.25,20.780152371653795
SKU-057,Gold-Mount Battery B,Battery,LOC-02,Atlanta,2026-07-13,6,28.0,17.0,4.321650580231388
SKU-057,Gold-Mount Battery B,Battery,LOC-02,Atlanta,2026-07-20,17,6.0,15.75,17.862437378935343
SKU-057,Gold-Mount Battery B,Battery,LOC-02,Atlanta,2026-07-27,17,17.0,15.25,9.240680319357882
SKU-057,Gold-Mount Battery B,Battery,LOC-02,Atlanta,2026-08-03,9,17.0,17.0,9.194840264431594
SKU-057,Gold-Mount Battery B,Battery,LOC-02,Atlanta,2026-08-10,7,9.0,12.25,9.732546317772972
SKU-057,Gold-Mount Battery B,Battery,LOC-03,New York,2026-06-08,2,15.0,6.5,4.029388355134766
SKU-057,Gold-Mount Battery B,Battery,LOC-03,New York,2026-06-15,11,2.0,5.25,10.175839887403608
SKU-057,Gold-Mount Battery B,Battery,LOC-03,New York,2026-06-22,7,11.0,7.75,5.998216840941586
SKU-057,Gold-Mount Battery B,Battery,LOC-03,New York,2026-06-29,10,7.0,8.75,21.34212752123372
SKU-057,Gold-Mount Battery B,Battery,LOC-03,New York,2026-07-06,8,10.0,7.5,10.86906342155889
SKU-057,Gold-Mount Battery B,Battery,LOC-03,New York,2026-07-13,7,8.0,9.0,4.50937215655912
SKU-057,Gold-Mount Battery B,Battery,LOC-03,New York,2026-07-20,3,7.0,8.0,4.335057468842873
SKU-057,Gold-Mount Battery B,Battery,LOC-03,New York,2026-07-27,0,3.0,7.0,0.190196694058722
SKU-057,Gold-Mount Battery B,Battery,LOC-03,New York,2026-08-03,2,0.0,4.5,4.508075333810244
SKU-057,Gold-Mount Battery B,Battery,LOC-03,New York,2026-08-10,5,2.0,3.0,4.484131442703362
SKU-057,Gold-Mount Battery B,Battery,LOC-04,New Orleans,2026-06-08,10,2.0,6.75,15.403408333081789
SKU-057,Gold-Mount Battery B,Battery,LOC-04,New Orleans,2026-06-15,11,10.0,7.0,19.573765453560945
SKU-057,Gold-Mount Battery B,Battery,LOC-04,New Orleans,2026-06-22,8,11.0,6.75,9.312480460593552
SKU-057,Gold-Mount Battery B,Battery,LOC-04,New Orleans,2026-06-29,0,8.0,7.75,0.3377130823794478
SKU-057,Gold-Mount Battery B,Battery,LOC-04,New Orleans,2026-07-06,13,0.0,7.25,14.381806693226856
SKU-057,Gold-Mount Battery B,Battery,LOC-04,New Orleans,2026-07-13,4,13.0,8.0,4.105433153594624
SKU-057,Gold-Mount Battery B,Battery,LOC-04,New Orleans,2026-07-20,16,4.0,6.25,9.46169725982562
SKU-057,Gold-Mount Battery B,Battery,LOC-04,New Orleans,2026-07-27,9,16.0,8.25,7.631226620025529
SKU-057,Gold-Mount Battery B,Battery,LOC-04,New Orleans,2026-08-03,7,9.0,10.5,9.558111000582116
SKU-057,Gold-Mount Battery B,Battery,LOC-04,New Orleans,2026-08-10,10,7.0,9.0,8.7188588690196
SKU-058,Battery Distribution Block A,Battery,LOC-01,Los Angeles,2026-06-08,20,32.0,12.5,8.31179083512302
SKU-058,Battery Distribution Block A,Battery,LOC-01,Los Angeles,2026-06-15,10,20.0,16.75,8.722700702832613
SKU-058,Battery Distribution Block A,Battery,LOC-01,Los Angeles,2026-06-22,10,10.0,18.0,5.480007424776938
SKU-058,Battery Distribution Block A,Battery,LOC-01,Los Angeles,2026-06-29,2,10.0,18.0,5.417005804088624
SKU-058,Battery Distribution Block A,Battery,LOC-01,Los Angeles,2026-07-06,6,2.0,10.5,9.196541682844131
SKU-058,Battery Distribution Block A,Battery,LOC-01,Los Angeles,2026-07-13,12,6.0,7.0,4.416856606434467
SKU-058,Battery Distribution Block A,Battery,LOC-01,Los Angeles,2026-07-20,38,12.0,7.5,16.37895222835229
SKU-058,Battery Distribution Block A,Battery,LOC-01,Los Angeles,2026-07-27,4,38.0,14.5,4.180566640770496
SKU-058,Battery Distribution Block A,Battery,LOC-01,Los Angeles,2026-08-03,0,4.0,15.0,0.3695725280653003
SKU-058,Battery Distribution Block A,Battery,LOC-01,Los Angeles,2026-08-10,3,0.0,13.5,4.693612108680416
SKU-058,Battery Distribution Block A,Battery,LOC-02,Atlanta,2026-06-08,5,21.0,9.25,17.138809514925434
SKU-058,Battery Distribution Block A,Battery,LOC-02,Atlanta,2026-06-15,17,5.0,9.0,8.002791917694243
SKU-058,Battery Distribution Block A,Battery,LOC-02,Atlanta,2026-06-22,11,17.0,11.5,17.26267073195501
SKU-058,Battery Distribution Block A,Battery,LOC-02,Atlanta,2026-06-29,9,11.0,13.5,9.079731960781258
SKU-058,Battery Distribution Block A,Battery,LOC-02,Atlanta,2026-07-06,17,9.0,10.5,16.924650148490134
SKU-058,Battery Distribution Block A,Battery,LOC-02,Atlanta,2026-07-13,4,17.0,13.5,3.707555721277501
SKU-058,Battery Distribution Block A,Battery,LOC-02,Atlanta,2026-07-20,20,4.0,10.25,18.68894954635854
SKU-058,Battery Distribution Block A,Battery,LOC-02,Atlanta,2026-07-27,11,20.0,12.5,9.159672874367148
SKU-058,Battery Distribution Block A,Battery,LOC-02,Atlanta,2026-08-03,9,11.0,13.0,9.025783260681903
SKU-058,Battery Distribution Block A,Battery,LOC-02,Atlanta,2026-08-10,2,9.0,11.0,8.96699743422987
SKU-058,Battery Distribution Block A,Battery,LOC-03,New York,2026-06-08,4,10.0,5.0,3.1856353615045183
SKU-058,Battery Distribution Block A,Battery,LOC-03,New York,2026-06-15,17,4.0,4.25,8.34999297885892
SKU-058,Battery Distribution Block A,Battery,LOC-03,New York,2026-06-22,3,17.0,8.25,4.136812379829525
SKU-058,Battery Distribution Block A,Battery,LOC-03,New York,2026-06-29,13,3.0,8.5,14.829483596101497
SKU-058,Battery Distribution Block A,Battery,LOC-03,New York,2026-07-06,8,13.0,9.25,9.026465194356014
SKU-058,Battery Distribution Block A,Battery,LOC-03,New York,2026-07-13,1,8.0,10.25,3.64837452696164
SKU-058,Battery Distribution Block A,Battery,LOC-03,New York,2026-07-20,4,1.0,6.25,2.887218509982079
SKU-058,Battery Distribution Block A,Battery,LOC-03,New York,2026-07-27,0,4.0,6.5,0.1628502479766188
SKU-058,Battery Distribution Block A,Battery,LOC-03,New York,2026-08-03,7,0.0,3.25,3.130925712749632
SKU-058,Battery Distribution Block A,Battery,LOC-03,New York,2026-08-10,5,7.0,3.0,2.9365909487828232
SKU-058,Battery Distribution Block A,Battery,LOC-04,New Orleans,2026-06-08,12,1.0,5.75,14.28256104213362
SKU-058,Battery Distribution Block A,Battery,LOC-04,New Orleans,2026-06-15,3,12.0,6.25,16.606924384984257
SKU-058,Battery Distribution Block A,Battery,LOC-04,New Orleans,2026-06-22,9,3.0,4.25,7.50359532954282
SKU-058,Battery Distribution Block A,Battery,LOC-04,New Orleans,2026-06-29,0,9.0,6.25,0.2308636024636957
SKU-058,Battery Distribution Block A,Battery,LOC-04,New Orleans,2026-07-06,14,0.0,6.0,13.888216683805558
SKU-058,Battery Distribution Block A,Battery,LOC-04,New Orleans,2026-07-13,1,14.0,6.5,2.961703523828896
SKU-058,Battery Distribution Block A,Battery,LOC-04,New Orleans,2026-07-20,13,1.0,6.0,5.5462658960060365
SKU-058,Battery Distribution Block A,Battery,LOC-04,New Orleans,2026-07-27,6,13.0,7.0,6.274032155800807
SKU-058,Battery Distribution Block A,Battery,LOC-04,New Orleans,2026-08-03,15,6.0,8.5,6.626629953765294
SKU-058,Battery Distribution Block A,Battery,LOC-04,New Orleans,2026-08-10,11,15.0,8.75,6.394616821807713
SKU-059,On-Camera Monitor 7in,Monitor,LOC-01,Los Angeles,2026-06-08,16,9.0,4.75,4.380386683889206
SKU-059,On-Camera Monitor 7in,Monitor,LOC-01,Los Angeles,2026-06-15,6,16.0,8.25,4.49619145335954
SKU-059,On-Camera Monitor 7in,Monitor,LOC-01,Los Angeles,2026-06-22,1,6.0,8.5,2.719541103295447
SKU-059,On-Camera Monitor 7in,Monitor,LOC-01,Los Angeles,2026-06-29,4,1.0,8.0,3.053374984723609
SKU-059,On-Camera Monitor 7in,Monitor,LOC-01,Los Angeles,2026-07-06,5,4.0,6.75,4.802187394342494
SKU-059,On-Camera Monitor 7in,Monitor,LOC-01,Los Angeles,2026-07-13,5,5.0,4.0,2.3462824552471457
SKU-059,On-Camera Monitor 7in,Monitor,LOC-01,Los Angeles,2026-07-20,10,5.0,3.75,7.818982972396323
SKU-059,On-Camera Monitor 7in,Monitor,LOC-01,Los Angeles,2026-07-27,0,10.0,6.0,1.4788943993297077
SKU-059,On-Camera Monitor 7in,Monitor,LOC-01,Los Angeles,2026-08-03,0,0.0,5.0,0.1277416837591424
SKU-059,On-Camera Monitor 7in,Monitor,LOC-01,Los Angeles,2026-08-10,1,0.0,3.75,2.033256899257678
SKU-059,On-Camera Monitor 7in,Monitor,LOC-02,Atlanta,2026-06-08,7,6.0,2.5,8.35326415120466
SKU-059,On-Camera Monitor 7in,Monitor,LOC-02,Atlanta,2026-06-15,3,7.0,3.75,4.259769910676631
SKU-059,On-Camera Monitor 7in,Monitor,LOC-02,Atlanta,2026-06-22,5,3.0,4.25,6.575480104944108
SKU-059,On-Camera Monitor 7in,Monitor,LOC-02,Atlanta,2026-06-29,7,5.0,5.25,5.381765169369443
SKU-059,On-Camera Monitor 7in,Monitor,LOC-02,Atlanta,2026-07-06,9,7.0,5.5,7.658868807538588
SKU-059,On-Camera Monitor 7in,Monitor,LOC-02,Atlanta,2026-07-13,1,9.0,6.0,1.5667346718217934
SKU-059,On-Camera Monitor 7in,Monitor,LOC-02,Atlanta,2026-07-20,5,1.0,5.5,6.639953358603625
SKU-059,On-Camera Monitor 7in,Monitor,LOC-02,Atlanta,2026-07-27,3,5.0,5.5,4.531481660229016
SKU-059,On-Camera Monitor 7in,Monitor,LOC-02,Atlanta,2026-08-03,2,3.0,4.5,4.178754330682878
SKU-059,On-Camera Monitor 7in,Monitor,LOC-02,Atlanta,2026-08-10,3,2.0,2.75,4.385692217348317
SKU-059,On-Camera Monitor 7in,Monitor,LOC-03,New York,2026-06-08,3,3.0,2.5,1.8692418107083024
SKU-059,On-Camera Monitor 7in,Monitor,LOC-03,New York,2026-06-15,5,3.0,2.5,3.85143404370122
SKU-059,On-Camera Monitor 7in,Monitor,LOC-03,New York,2026-06-22,3,5.0,3.25,2.463972435186103
SKU-059,On-Camera Monitor 7in,Monitor,LOC-03,New York,2026-06-29,3,3.0,3.5,7.120328790118318
SKU-059,On-Camera Monitor 7in,Monitor,LOC-03,New York,2026-07-06,4,3.0,3.5,4.831659199932102
SKU-059,On-Camera Monitor 7in,Monitor,LOC-03,New York,2026-07-13,2,4.0,3.75,1.5939752447329745
SKU-059,On-Camera Monitor 7in,Monitor,LOC-03,New York,2026-07-20,3,2.0,3.0,1.851587324659844
SKU-059,On-Camera Monitor 7in,Monitor,LOC-03,New York,2026-07-27,0,3.0,3.0,0.089782802229668
SKU-059,On-Camera Monitor 7in,Monitor,LOC-03,New York,2026-08-03,2,0.0,2.25,1.6409007830980835
SKU-059,On-Camera Monitor 7in,Monitor,LOC-03,New York,2026-08-10,2,2.0,1.75,1.9270254023225288
SKU-059,On-Camera Monitor 7in,Monitor,LOC-04,New Orleans,2026-06-08,14,0.0,2.5,6.790683078425836
SKU-059,On-Camera Monitor 7in,Monitor,LOC-04,New Orleans,2026-06-15,5,14.0,5.0,8.450795334721898
SKU-059,On-Camera Monitor 7in,Monitor,LOC-04,New Orleans,2026-06-22,2,5.0,4.75,4.195822101317028
SKU-059,On-Camera Monitor 7in,Monitor,LOC-04,New Orleans,2026-06-29,0,2.0,5.25,0.1322478516986611
SKU-059,On-Camera Monitor 7in,Monitor,LOC-04,New Orleans,2026-07-06,7,0.0,5.25,7.23255275369768
SKU-059,On-Camera Monitor 7in,Monitor,LOC-04,New Orleans,2026-07-13,1,7.0,3.5,1.6259084727050577
SKU-059,On-Camera Monitor 7in,Monitor,LOC-04,New Orleans,2026-07-20,2,1.0,2.5,2.994200872842047
SKU-059,On-Camera Monitor 7in,Monitor,LOC-04,New Orleans,2026-07-27,6,2.0,2.5,2.7698416703494093
SKU-059,On-Camera Monitor 7in,Monitor,LOC-04,New Orleans,2026-08-03,3,6.0,4.0,2.8254647889606384
SKU-059,On-Camera Monitor 7in,Monitor,LOC-04,New Orleans,2026-08-10,7,3.0,3.0,2.937368094431715
SKU-060,On-Camera Monitor 5in,Monitor,LOC-01,Los Angeles,2026-06-08,5,9.0,6.0,3.369841074968854
SKU-060,On-Camera Monitor 5in,Monitor,LOC-01,Los Angeles,2026-06-15,4,5.0,7.0,3.742095622998653
SKU-060,On-Camera Monitor 5in,Monitor,LOC-01,Los Angeles,2026-06-22,4,4.0,6.5,2.317068969708493
SKU-060,On-Camera Monitor 5in,Monitor,LOC-01,Los Angeles,2026-06-29,2,4.0,5.5,2.492990914408021
SKU-060,On-Camera Monitor 5in,Monitor,LOC-01,Los Angeles,2026-07-06,2,2.0,3.75,3.883695022142111
SKU-060,On-Camera Monitor 5in,Monitor,LOC-01,Los Angeles,2026-07-13,5,2.0,3.0,1.77357528049045
SKU-060,On-Camera Monitor 5in,Monitor,LOC-01,Los Angeles,2026-07-20,15,5.0,3.25,6.38501821646122
SKU-060,On-Camera Monitor 5in,Monitor,LOC-01,Los Angeles,2026-07-27,0,15.0,6.0,1.251019266721089
SKU-060,On-Camera Monitor 5in,Monitor,LOC-01,Los Angeles,2026-08-03,0,0.0,5.5,0.1853604953973703
SKU-060,On-Camera Monitor 5in,Monitor,LOC-01,Los Angeles,2026-08-10,2,0.0,5.0,1.9146799346852383
SKU-060,On-Camera Monitor 5in,Monitor,LOC-02,Atlanta,2026-06-08,2,4.0,2.5,6.904465387053156
SKU-060,On-Camera Monitor 5in,Monitor,LOC-02,Atlanta,2026-06-15,6,2.0,2.25,3.087872284616638
SKU-060,On-Camera Monitor 5in,Monitor,LOC-02,Atlanta,2026-06-22,7,6.0,3.5,6.44080322469797
SKU-060,On-Camera Monitor 5in,Monitor,LOC-02,Atlanta,2026-06-29,9,7.0,4.75,3.455118742016939
SKU-060,On-Camera Monitor 5in,Monitor,LOC-02,Atlanta,2026-07-06,11,9.0,6.0,6.193436546712983
SKU-060,On-Camera Monitor 5in,Monitor,LOC-02,Atlanta,2026-07-13,1,11.0,8.25,1.539618793287432
SKU-060,On-Camera Monitor 5in,Monitor,LOC-02,Atlanta,2026-07-20,12,1.0,7.0,5.723226009908757
SKU-060,On-Camera Monitor 5in,Monitor,LOC-02,Atlanta,2026-07-27,3,12.0,8.25,4.120170176251392
SKU-060,On-Camera Monitor 5in,Monitor,LOC-02,Atlanta,2026-08-03,3,3.0,6.75,3.905836317206276
SKU-060,On-Camera Monitor 5in,Monitor,LOC-02,Atlanta,2026-08-10,1,3.0,4.75,3.897304105789402
SKU-060,On-Camera Monitor 5in,Monitor,LOC-03,New York,2026-06-08,2,1.0,1.25,1.4445037844180744
SKU-060,On-Camera Monitor 5in,Monitor,LOC-03,New York,2026-06-15,5,2.0,1.25,3.668291357579725
SKU-060,On-Camera Monitor 5in,Monitor,LOC-03,New York,2026-06-22,1,5.0,2.0,2.223893044878169
SKU-060,On-Camera Monitor 5in,Monitor,LOC-03,New York,2026-06-29,6,1.0,2.25,5.949690939929192
SKU-060,On-Camera Monitor 5in,Monitor,LOC-03,New York,2026-07-06,3,6.0,3.5,3.464995769565608
SKU-060,On-Camera Monitor 5in,Monitor,LOC-03,New York,2026-07-13,2,3.0,3.75,1.285749192985803
SKU-060,On-Camera Monitor 5in,Monitor,LOC-03,New York,2026-07-20,2,2.0,3.0,1.518601215369217
SKU-060,On-Camera Monitor 5in,Monitor,LOC-03,New York,2026-07-27,0,2.0,3.25,0.1034132523162616
SKU-060,On-Camera Monitor 5in,Monitor,LOC-03,New York,2026-08-03,2,0.0,1.75,1.4112390383265796
SKU-060,On-Camera Monitor 5in,Monitor,LOC-03,New York,2026-08-10,1,2.0,1.5,1.6980035374717266
SKU-060,On-Camera Monitor 5in,Monitor,LOC-04,New Orleans,2026-06-08,4,0.0,1.0,5.9066655509173485
SKU-060,On-Camera Monitor 5in,Monitor,LOC-04,New Orleans,2026-06-15,1,4.0,2.0,6.843469313837548
SKU-060,On-Camera Monitor 5in,Monitor,LOC-04,New Orleans,2026-06-22,1,1.0,1.5,3.225577192421286
SKU-060,On-Camera Monitor 5in,Monitor,LOC-04,New Orleans,2026-06-29,0,1.0,1.5,0.1311385564525133
SKU-060,On-Camera Monitor 5in,Monitor,LOC-04,New Orleans,2026-07-06,5,0.0,1.5,6.161971402315242
SKU-060,On-Camera Monitor 5in,Monitor,LOC-04,New Orleans,2026-07-13,2,5.0,1.75,1.3160177932036152
SKU-060,On-Camera Monitor 5in,Monitor,LOC-04,New Orleans,2026-07-20,4,2.0,2.0,3.04362861733148
SKU-060,On-Camera Monitor 5in,Monitor,LOC-04,New Orleans,2026-07-27,5,4.0,2.75,2.8894933802925
SKU-060,On-Camera Monitor 5in,Monitor,LOC-04,New Orleans,2026-08-03,2,5.0,4.0,2.739630554596805
SKU-060,On-Camera Monitor 5in,Monitor,LOC-04,New Orleans,2026-08-10,2,2.0,3.25,2.9127288284550508
SKU-061,Director Monitor 17in,Monitor,LOC-01,Los Angeles,2026-06-08,9,9.0,5.25,4.375061685657005
SKU-061,Director Monitor 17in,Monitor,LOC-01,Los Angeles,2026-06-15,5,9.0,6.25,4.571675806612024
SKU-061,Director Monitor 17in,Monitor,LOC-01,Los Angeles,2026-06-22,0,5.0,6.75,3.0244477186224845
SKU-061,Director Monitor 17in,Monitor,LOC-01,Los Angeles,2026-06-29,3,0.0,5.75,3.2817254373221685
SKU-061,Director Monitor 17in,Monitor,LOC-01,Los Angeles,2026-07-06,4,3.0,4.25,4.65769485675275
SKU-061,Director Monitor 17in,Monitor,LOC-01,Los Angeles,2026-07-13,4,4.0,3.0,2.432160239190094
SKU-061,Director Monitor 17in,Monitor,LOC-01,Los Angeles,2026-07-20,13,4.0,2.75,7.499337761057368
SKU-061,Director Monitor 17in,Monitor,LOC-01,Los Angeles,2026-07-27,0,13.0,6.0,1.559494816560597
SKU-061,Director Monitor 17in,Monitor,LOC-01,Los Angeles,2026-08-03,0,0.0,5.25,0.1247216100435002
SKU-061,Director Monitor 17in,Monitor,LOC-01,Los Angeles,2026-08-10,2,0.0,4.25,2.0696626356794288
SKU-061,Director Monitor 17in,Monitor,LOC-02,Atlanta,2026-06-08,3,6.0,2.25,8.171463333893186
SKU-061,Director Monitor 17in,Monitor,LOC-02,Atlanta,2026-06-15,7,3.0,2.75,3.868581758543745
SKU-061,Director Monitor 17in,Monitor,LOC-02,Atlanta,2026-06-22,6,7.0,4.25,7.346344834973024
SKU-061,Director Monitor 17in,Monitor,LOC-02,Atlanta,2026-06-29,10,6.0,5.5,4.924408599460487
SKU-061,Director Monitor 17in,Monitor,LOC-02,Atlanta,2026-07-06,8,10.0,6.5,7.434799141804981
SKU-061,Director Monitor 17in,Monitor,LOC-02,Atlanta,2026-07-13,4,8.0,7.75,1.8416367008855068
SKU-061,Director Monitor 17in,Monitor,LOC-02,Atlanta,2026-07-20,6,4.0,7.0,6.77350194378784
SKU-061,Director Monitor 17in,Monitor,LOC-02,Atlanta,2026-07-27,8,6.0,7.0,4.757056056688521
SKU-061,Director Monitor 17in,Monitor,LOC-02,Atlanta,2026-08-03,1,8.0,6.5,4.734217487758996
SKU-061,Director Monitor 17in,Monitor,LOC-02,Atlanta,2026-08-10,3,1.0,4.75,4.576771715006667
SKU-061,Director Monitor 17in,Monitor,LOC-03,New York,2026-06-08,2,6.0,1.75,1.7488247877958194
SKU-061,Director Monitor 17in,Monitor,LOC-03,New York,2026-06-15,6,2.0,2.0,4.320896284979084
SKU-061,Director Monitor 17in,Monitor,LOC-03,New York,2026-06-22,3,6.0,3.5,2.4040429544455884
SKU-061,Director Monitor 17in,Monitor,LOC-03,New York,2026-06-29,14,3.0,4.25,6.734857186646141
SKU-061,Director Monitor 17in,Monitor,LOC-03,New York,2026-07-06,4,14.0,6.25,5.018125158351796
SKU-061,Director Monitor 17in,Monitor,LOC-03,New York,2026-07-13,2,4.0,6.75,1.7598217067994957
SKU-061,Director Monitor 17in,Monitor,LOC-03,New York,2026-07-20,3,2.0,5.75,1.7599642550948496
SKU-061,Director Monitor 17in,Monitor,LOC-03,New York,2026-07-27,0,3.0,5.75,0.1099125687523965
SKU-061,Director Monitor 17in,Monitor,LOC-03,New York,2026-08-03,2,0.0,2.25,1.6292433801608357
SKU-061,Director Monitor 17in,Monitor,LOC-03,New York,2026-08-10,1,2.0,1.75,1.8453249280267467
SKU-061,Director Monitor 17in,Monitor,LOC-04,New Orleans,2026-06-08,11,0.0,4.0,6.7281679980091065
SKU-061,Director Monitor 17in,Monitor,LOC-04,New Orleans,2026-06-15,5,11.0,5.5,7.948304362614335
SKU-061,Director Monitor 17in,Monitor,LOC-04,New Orleans,2026-06-22,4,5.0,4.25,3.7906170099702376
SKU-061,Director Monitor 17in,Monitor,LOC-04,New Orleans,2026-06-29,0,4.0,5.0,0.1554629216487277
SKU-061,Director Monitor 17in,Monitor,LOC-04,New Orleans,2026-07-06,13,0.0,5.0,7.039433184495415
SKU-061,Director Monitor 17in,Monitor,LOC-04,New Orleans,2026-07-13,2,13.0,5.5,1.690270835366273
SKU-061,Director Monitor 17in,Monitor,LOC-04,New Orleans,2026-07-20,4,2.0,4.75,2.611449290260428
SKU-061,Director Monitor 17in,Monitor,LOC-04,New Orleans,2026-07-27,7,4.0,4.75,5.074522483175081
SKU-061,Director Monitor 17in,Monitor,LOC-04,New Orleans,2026-08-03,4,7.0,6.5,2.8682704118113342
SKU-061,Director Monitor 17in,Monitor,LOC-04,New Orleans,2026-08-10,4,4.0,4.25,2.688758234669802
SKU-062,Video Village Monitor Kit A,Monitor,LOC-01,Los Angeles,2026-06-08,13,11.0,6.75,3.944497891134378
SKU-062,Video Village Monitor Kit A,Monitor,LOC-01,Los Angeles,2026-06-15,5,13.0,9.0,4.187905081752071
SKU-062,Video Village Monitor Kit A,Monitor,LOC-01,Los Angeles,2026-06-22,3,5.0,9.25,3.24256263518086
SKU-062,Video Village Monitor Kit A,Monitor,LOC-01,Los Angeles,2026-06-29,1,3.0,8.0,2.7447450468216976
SKU-062,Video Village Monitor Kit A,Monitor,LOC-01,Los Angeles,2026-07-06,0,1.0,5.5,5.2242863371650925
SKU-062,Video Village Monitor Kit A,Monitor,LOC-01,Los Angeles,2026-07-13,2,0.0,2.25,2.445042442991434
SKU-062,Video Village Monitor Kit A,Monitor,LOC-01,Los Angeles,2026-07-20,17,2.0,1.5,8.127269967911735
SKU-062,Video Village Monitor Kit A,Monitor,LOC-01,Los Angeles,2026-07-27,0,17.0,5.0,1.6754826614766858
SKU-062,Video Village Monitor Kit A,Monitor,LOC-01,Los Angeles,2026-08-03,0,0.0,4.75,0.1832839036254118
SKU-062,Video Village Monitor Kit A,Monitor,LOC-01,Los Angeles,2026-08-10,1,0.0,4.75,2.1490528627845613
SKU-062,Video Village Monitor Kit A,Monitor,LOC-02,Atlanta,2026-06-08,3,5.0,3.5,8.397807447685377
SKU-062,Video Village Monitor Kit A,Monitor,LOC-02,Atlanta,2026-06-15,10,3.0,4.0,4.12284615842351
SKU-062,Video Village Monitor Kit A,Monitor,LOC-02,Atlanta,2026-06-22,7,10.0,6.0,8.450972266126138
SKU-062,Video Village Monitor Kit A,Monitor,LOC-02,Atlanta,2026-06-29,8,7.0,6.25,5.899893838886469
SKU-062,Video Village Monitor Kit A,Monitor,LOC-02,Atlanta,2026-07-06,11,8.0,7.0,9.134875536915883
SKU-062,Video Village Monitor Kit A,Monitor,LOC-02,Atlanta,2026-07-13,0,11.0,9.0,1.977418763674568
SKU-062,Video Village Monitor Kit A,Monitor,LOC-02,Atlanta,2026-07-20,7,0.0,6.5,8.1945956336111
SKU-062,Video Village Monitor Kit A,Monitor,LOC-02,Atlanta,2026-07-27,7,7.0,6.5,5.813321742352559
SKU-062,Video Village Monitor Kit A,Monitor,LOC-02,Atlanta,2026-08-03,4,7.0,6.25,4.612788582392272
SKU-062,Video Village Monitor Kit A,Monitor,LOC-02,Atlanta,2026-08-10,3,4.0,4.5,5.037146256067652
SKU-062,Video Village Monitor Kit A,Monitor,LOC-03,New York,2026-06-08,4,4.0,2.25,2.051729329261596
SKU-062,Video Village Monitor Kit A,Monitor,LOC-03,New York,2026-06-15,14,4.0,2.0,4.444038734624187
SKU-062,Video Village Monitor Kit A,Monitor,LOC-03,New York,2026-06-22,2,14.0,5.5,2.9583855180817737
SKU-062,Video Village Monitor Kit A,Monitor,LOC-03,New York,2026-06-29,15,2.0,6.0,8.465909618285416
SKU-062,Video Village Monitor Kit A,Monitor,LOC-03,New York,2026-07-06,6,15.0,8.75,6.299596819669616
SKU-062,Video Village Monitor Kit A,Monitor,LOC-03,New York,2026-07-13,2,6.0,9.25,2.288438234289046
SKU-062,Video Village Monitor Kit A,Monitor,LOC-03,New York,2026-07-20,0,2.0,6.25,2.01558598850869
SKU-062,Video Village Monitor Kit A,Monitor,LOC-03,New York,2026-07-27,0,0.0,5.75,0.0889266011539182
SKU-062,Video Village Monitor Kit A,Monitor,LOC-03,New York,2026-08-03,2,0.0,2.0,1.9396978791730053
SKU-062,Video Village Monitor Kit A,Monitor,LOC-03,New York,2026-08-10,3,2.0,1.0,2.1382352331893637
SKU-062,Video Village Monitor Kit A,Monitor,LOC-04,New Orleans,2026-06-08,6,0.0,2.0,6.87353122874304
SKU-062,Video Village Monitor Kit A,Monitor,LOC-04,New Orleans,2026-06-15,5,6.0,3.0,8.856282605298384
SKU-062,Video Village Monitor Kit A,Monitor,LOC-04,New Orleans,2026-06-22,7,5.0,2.75,4.949404839689192
SKU-062,Video Village Monitor Kit A,Monitor,LOC-04,New Orleans,2026-06-29,1,7.0,4.5,0.1021969822315266
SKU-062,Video Village Monitor Kit A,Monitor,LOC-04,New Orleans,2026-07-06,11,1.0,4.75,8.240237453092465
SKU-062,Video Village Monitor Kit A,Monitor,LOC-04,New Orleans,2026-07-13,1,11.0,6.0,1.817877353513763
SKU-062,Video Village Monitor Kit A,Monitor,LOC-04,New Orleans,2026-07-20,1,1.0,5.0,2.807821025031267
SKU-062,Video Village Monitor Kit A,Monitor,LOC-04,New Orleans,2026-07-27,4,1.0,3.5,5.872637227089343
SKU-062,Video Village Monitor Kit A,Monitor,LOC-04,New Orleans,2026-08-03,2,4.0,4.25,3.02947849196028
SKU-062,Video Village Monitor Kit A,Monitor,LOC-04,New Orleans,2026-08-10,7,2.0,2.0,2.588781020180308
SKU-063,Waveform Monitor A,Monitor,LOC-01,Los Angeles,2026-06-08,5,14.0,4.0,2.253350319052321
SKU-063,Waveform Monitor A,Monitor,LOC-01,Los Angeles,2026-06-15,2,5.0,5.0,2.363868220417097
SKU-063,Waveform Monitor A,Monitor,LOC-01,Los Angeles,2026-06-22,0,2.0,5.5,1.0129368382748531
SKU-063,Waveform Monitor A,Monitor,LOC-01,Los Angeles,2026-06-29,1,0.0,5.25,1.0607137575715315
SKU-063,Waveform Monitor A,Monitor,LOC-01,Los Angeles,2026-07-06,2,1.0,2.0,1.9203885513426624
SKU-063,Waveform Monitor A,Monitor,LOC-01,Los Angeles,2026-07-13,4,2.0,1.25,0.917141963437001
SKU-063,Waveform Monitor A,Monitor,LOC-01,Los Angeles,2026-07-20,4,4.0,1.75,3.156601658521485
SKU-063,Waveform Monitor A,Monitor,LOC-01,Los Angeles,2026-07-27,1,4.0,2.75,0.882360530250364
SKU-063,Waveform Monitor A,Monitor,LOC-01,Los Angeles,2026-08-03,1,1.0,2.75,0.1186824263978647
SKU-063,Waveform Monitor A,Monitor,LOC-01,Los Angeles,2026-08-10,2,1.0,2.5,0.8433348381789123
SKU-063,Waveform Monitor A,Monitor,LOC-02,Atlanta,2026-06-08,1,6.0,4.0,3.6329916154634008
SKU-063,Waveform Monitor A,Monitor,LOC-02,Atlanta,2026-06-15,1,1.0,3.75,1.9673009012519955
SKU-063,Waveform Monitor A,Monitor,LOC-02,Atlanta,2026-06-22,6,1.0,2.25,3.242856832348847
SKU-063,Waveform Monitor A,Monitor,LOC-02,Atlanta,2026-06-29,2,6.0,3.5,1.9820410176056973
SKU-063,Waveform Monitor A,Monitor,LOC-02,Atlanta,2026-07-06,6,2.0,2.5,3.505580444573043
SKU-063,Waveform Monitor A,Monitor,LOC-02,Atlanta,2026-07-13,2,6.0,3.75,0.7160335767623528
SKU-063,Waveform Monitor A,Monitor,LOC-02,Atlanta,2026-07-20,5,2.0,4.0,3.435516306179175
SKU-063,Waveform Monitor A,Monitor,LOC-02,Atlanta,2026-07-27,2,5.0,3.75,2.210435942496403
SKU-063,Waveform Monitor A,Monitor,LOC-02,Atlanta,2026-08-03,1,2.0,3.75,2.18202188297587
SKU-063,Waveform Monitor A,Monitor,LOC-02,Atlanta,2026-08-10,0,1.0,2.5,1.9475840034298924
SKU-063,Waveform Monitor A,Monitor,LOC-03,New York,2026-06-08,0,1.0,0.5,0.8255105980453308
SKU-063,Waveform Monitor A,Monitor,LOC-03,New York,2026-06-15,3,0.0,0.25,2.461450838082752
SKU-063,Waveform Monitor A,Monitor,LOC-03,New York,2026-06-22,0,3.0,1.0,1.0795578411711224
SKU-063,Waveform Monitor A,Monitor,LOC-03,New York,2026-06-29,3,0.0,1.0,3.4047352993163016
SKU-063,Waveform Monitor A,Monitor,LOC-03,New York,2026-07-06,2,3.0,1.5,2.276941724256606
SKU-063,Waveform Monitor A,Monitor,LOC-03,New York,2026-07-13,0,2.0,2.0,0.8068965718663503
SKU-063,Waveform Monitor A,Monitor,LOC-03,New York,2026-07-20,0,0.0,1.25,0.7959018311950135
SKU-063,Waveform Monitor A,Monitor,LOC-03,New York,2026-07-27,0,0.0,1.25,0.1244411236379066
SKU-063,Waveform Monitor A,Monitor,LOC-03,New York,2026-08-03,1,0.0,0.5,0.7929969192732969
SKU-063,Waveform Monitor A,Monitor,LOC-03,New York,2026-08-10,4,1.0,0.25,0.7605850753320744
SKU-063,Waveform Monitor A,Monitor,LOC-04,New Orleans,2026-06-08,0,0.0,1.5,2.9102103670418726
SKU-063,Waveform Monitor A,Monitor,LOC-04,New Orleans,2026-06-15,1,0.0,1.0,3.155870256219808
SKU-063,Waveform Monitor A,Monitor,LOC-04,New Orleans,2026-06-22,0,1.0,0.5,2.1360804773716064
SKU-063,Waveform Monitor A,Monitor,LOC-04,New Orleans,2026-06-29,0,0.0,0.25,0.0915577075209964
SKU-063,Waveform Monitor A,Monitor,LOC-04,New Orleans,2026-07-06,6,0.0,0.25,3.92264001210184
SKU-063,Waveform Monitor A,Monitor,LOC-04,New Orleans,2026-07-13,0,6.0,1.75,0.7184914625006423
SKU-063,Waveform Monitor A,Monitor,LOC-04,New Orleans,2026-07-20,3,0.0,1.5,1.9750351101407773
SKU-063,Waveform Monitor A,Monitor,LOC-04,New Orleans,2026-07-27,3,3.0,2.25,1.7200800476205906
SKU-063,Waveform Monitor A,Monitor,LOC-04,New Orleans,2026-08-03,1,3.0,3.0,1.8956671627341628
SKU-063,Waveform Monitor A,Monitor,LOC-04,New Orleans,2026-08-10,0,1.0,1.75,2.1980507810377934
SKU-064,Field Monitor 10in,Monitor,LOC-01,Los Angeles,2026-06-08,20,25.0,9.75,8.15994221758455
SKU-064,Field Monitor 10in,Monitor,LOC-01,Los Angeles,2026-06-15,8,20.0,13.5,8.30945820486192
SKU-064,Field Monitor 10in,Monitor,LOC-01,Los Angeles,2026-06-22,5,8.0,14.75,5.60545449438543
SKU-064,Field Monitor 10in,Monitor,LOC-01,Los Angeles,2026-06-29,5,5.0,14.5,5.525104330409628
SKU-064,Field Monitor 10in,Monitor,LOC-01,Los Angeles,2026-07-06,10,5.0,9.5,8.960873808168344
SKU-064,Field Monitor 10in,Monitor,LOC-01,Los Angeles,2026-07-13,6,10.0,7.0,4.276899877083971
SKU-064,Field Monitor 10in,Monitor,LOC-01,Los Angeles,2026-07-20,28,6.0,6.5,15.298574043709028
SKU-064,Field Monitor 10in,Monitor,LOC-01,Los Angeles,2026-07-27,3,28.0,12.25,4.697651200354398
SKU-064,Field Monitor 10in,Monitor,LOC-01,Los Angeles,2026-08-03,0,3.0,11.75,0.2274735806107307
SKU-064,Field Monitor 10in,Monitor,LOC-01,Los Angeles,2026-08-10,6,0.0,9.25,5.023391348922043
SKU-064,Field Monitor 10in,Monitor,LOC-02,Atlanta,2026-06-08,3,17.0,9.25,16.34138968752094
SKU-064,Field Monitor 10in,Monitor,LOC-02,Atlanta,2026-06-15,5,3.0,8.25,8.253850970705251
SKU-064,Field Monitor 10in,Monitor,LOC-02,Atlanta,2026-06-22,14,5.0,8.5,15.988558893798094
SKU-064,Field Monitor 10in,Monitor,LOC-02,Atlanta,2026-06-29,11,14.0,9.75,8.209934694654601
SKU-064,Field Monitor 10in,Monitor,LOC-02,Atlanta,2026-07-06,21,11.0,8.25,19.44336446242728
SKU-064,Field Monitor 10in,Monitor,LOC-02,Atlanta,2026-07-13,5,21.0,12.75,3.46726874778261
SKU-064,Field Monitor 10in,Monitor,LOC-02,Atlanta,2026-07-20,14,5.0,12.75,17.2044272615088
SKU-064,Field Monitor 10in,Monitor,LOC-02,Atlanta,2026-07-27,9,14.0,12.75,8.982815702326167
SKU-064,Field Monitor 10in,Monitor,LOC-02,Atlanta,2026-08-03,9,9.0,12.25,9.032838536118
SKU-064,Field Monitor 10in,Monitor,LOC-02,Atlanta,2026-08-10,9,9.0,9.25,9.122782280666444
SKU-064,Field Monitor 10in,Monitor,LOC-03,New York,2026-06-08,2,13.0,5.0,3.179626151806896
SKU-064,Field Monitor 10in,Monitor,LOC-03,New York,2026-06-15,11,2.0,4.25,8.393448581578733
SKU-064,Field Monitor 10in,Monitor,LOC-03,New York,2026-06-22,3,11.0,7.0,4.7913214882909605
SKU-064,Field Monitor 10in,Monitor,LOC-03,New York,2026-06-29,16,3.0,7.25,14.7382943470781
SKU-064,Field Monitor 10in,Monitor,LOC-03,New York,2026-07-06,15,16.0,8.0,9.237489192327908
SKU-064,Field Monitor 10in,Monitor,LOC-03,New York,2026-07-13,4,15.0,11.25,3.81374428358088
SKU-064,Field Monitor 10in,Monitor,LOC-03,New York,2026-07-20,3,4.0,9.5,3.2868322125121225
SKU-064,Field Monitor 10in,Monitor,LOC-03,New York,2026-07-27,1,3.0,9.5,0.2458430644883706
SKU-064,Field Monitor 10in,Monitor,LOC-03,New York,2026-08-03,2,1.0,5.75,3.90081866409056
SKU-064,Field Monitor 10in,Monitor,LOC-03,New York,2026-08-10,6,2.0,2.5,3.6460931995960304
SKU-064,Field Monitor 10in,Monitor,LOC-04,New Orleans,2026-06-08,12,0.0,8.75,13.397336920842886
SKU-064,Field Monitor 10in,Monitor,LOC-04,New Orleans,2026-06-15,8,12.0,10.0,15.920106499765607
SKU-064,Field Monitor 10in,Monitor,LOC-04,New Orleans,2026-06-22,7,8.0,6.0,7.782996211976665
SKU-064,Field Monitor 10in,Monitor,LOC-04,New Orleans,2026-06-29,0,7.0,6.75,0.2305711967809857
SKU-064,Field Monitor 10in,Monitor,LOC-04,New Orleans,2026-07-06,16,0.0,6.75,14.367485676893343
SKU-064,Field Monitor 10in,Monitor,LOC-04,New Orleans,2026-07-13,5,16.0,7.75,3.6493775535857895
SKU-064,Field Monitor 10in,Monitor,LOC-04,New Orleans,2026-07-20,4,5.0,7.0,5.657958381725019
SKU-064,Field Monitor 10in,Monitor,LOC-04,New Orleans,2026-07-27,10,4.0,6.25,6.015051526554239
SKU-064,Field Monitor 10in,Monitor,LOC-04,New Orleans,2026-08-03,10,10.0,8.75,5.483735308590054
SKU-064,Field Monitor 10in,Monitor,LOC-04,New Orleans,2026-08-10,7,10.0,7.25,7.266563032438564
SKU-065,Teleprompter Monitor A,Monitor,LOC-01,Los Angeles,2026-06-08,20,31.0,13.0,7.2952755816978625
SKU-065,Teleprompter Monitor A,Monitor,LOC-01,Los Angeles,2026-06-15,3,20.0,17.25,7.312656037494762
SKU-065,Teleprompter Monitor A,Monitor,LOC-01,Los Angeles,2026-06-22,1,3.0,16.5,5.391704543129958
SKU-065,Teleprompter Monitor A,Monitor,LOC-01,Los Angeles,2026-06-29,5,1.0,13.75,5.071661703120173
SKU-065,Teleprompter Monitor A,Monitor,LOC-01,Los Angeles,2026-07-06,2,5.0,7.25,7.113230085400944
SKU-065,Teleprompter Monitor A,Monitor,LOC-01,Los Angeles,2026-07-13,6,2.0,2.75,4.405007406248043
SKU-065,Teleprompter Monitor A,Monitor,LOC-01,Los Angeles,2026-07-20,31,6.0,3.5,13.904139936229416
SKU-065,Teleprompter Monitor A,Monitor,LOC-01,Los Angeles,2026-07-27,4,31.0,11.0,3.940338936118928
SKU-065,Teleprompter Monitor A,Monitor,LOC-01,Los Angeles,2026-08-03,0,4.0,10.75,0.2559252790257704
SKU-065,Teleprompter Monitor A,Monitor,LOC-01,Los Angeles,2026-08-10,2,0.0,10.25,4.0317288262656685
SKU-065,Teleprompter Monitor A,Monitor,LOC-02,Atlanta,2026-06-08,15,7.0,5.5,14.585865313475022
SKU-065,Teleprompter Monitor A,Monitor,LOC-02,Atlanta,2026-06-15,6,15.0,7.75,7.481114392208445
SKU-065,Teleprompter Monitor A,Monitor,LOC-02,Atlanta,2026-06-22,13,6.0,8.25,14.71028408733715
SKU-065,Teleprompter Monitor A,Monitor,LOC-02,Atlanta,2026-06-29,12,13.0,10.25,8.673135668027118
SKU-065,Teleprompter Monitor A,Monitor,LOC-02,Atlanta,2026-07-06,18,12.0,11.5,15.70785124434317
SKU-065,Teleprompter Monitor A,Monitor,LOC-02,Atlanta,2026-07-13,5,18.0,12.25,3.2315978212021204
SKU-065,Teleprompter Monitor A,Monitor,LOC-02,Atlanta,2026-07-20,22,5.0,12.0,16.112537201708136
SKU-065,Teleprompter Monitor A,Monitor,LOC-02,Atlanta,2026-07-27,15,22.0,14.25,7.700104877432725
SKU-065,Teleprompter Monitor A,Monitor,LOC-02,Atlanta,2026-08-03,3,15.0,15.0,8.014186802416713
SKU-065,Teleprompter Monitor A,Monitor,LOC-02,Atlanta,2026-08-10,1,3.0,11.25,7.509495254164761
SKU-065,Teleprompter Monitor A,Monitor,LOC-03,New York,2026-06-08,2,29.0,10.25,3.237764861300437
SKU-065,Teleprompter Monitor A,Monitor,LOC-03,New York,2026-06-15,14,2.0,9.75,6.715376552380648
SKU-065,Teleprompter Monitor A,Monitor,LOC-03,New York,2026-06-22,3,14.0,12.75,3.820662783730461
SKU-065,Teleprompter Monitor A,Monitor,LOC-03,New York,2026-06-29,13,3.0,12.0,14.106797843705657
SKU-065,Teleprompter Monitor A,Monitor,LOC-03,New York,2026-07-06,8,13.0,8.0,7.583851937417705
SKU-065,Teleprompter Monitor A,Monitor,LOC-03,New York,2026-07-13,5,8.0,9.5,3.647402668971685
SKU-065,Teleprompter Monitor A,Monitor,LOC-03,New York,2026-07-20,2,5.0,7.25,2.956857508683312
SKU-065,Teleprompter Monitor A,Monitor,LOC-03,New York,2026-07-27,0,2.0,7.0,0.1731635896144504
SKU-065,Teleprompter Monitor A,Monitor,LOC-03,New York,2026-08-03,3,0.0,3.75,3.067874851524323
SKU-065,Teleprompter Monitor A,Monitor,LOC-03,New York,2026-08-10,2,3.0,2.5,2.9377179547781407
SKU-065,Teleprompter Monitor A,Monitor,LOC-04,New Orleans,2026-06-08,11,0.0,3.75,12.960112068828687
SKU-065,Teleprompter Monitor A,Monitor,LOC-04,New Orleans,2026-06-15,8,11.0,5.5,14.381914166790208
SKU-065,Teleprompter Monitor A,Monitor,LOC-04,New Orleans,2026-06-22,5,8.0,5.0,7.101883256534661
SKU-065,Teleprompter Monitor A,Monitor,LOC-04,New Orleans,2026-06-29,0,5.0,6.0,0.2201998282241539
SKU-065,Teleprompter Monitor A,Monitor,LOC-04,New Orleans,2026-07-06,19,0.0,6.0,13.690372196223256
SKU-065,Teleprompter Monitor A,Monitor,LOC-04,New Orleans,2026-07-13,6,19.0,8.0,3.2184597231403704
SKU-065,Teleprompter Monitor A,Monitor,LOC-04,New Orleans,2026-07-20,36,6.0,7.5,7.137418108686024
SKU-065,Teleprompter Monitor A,Monitor,LOC-04,New Orleans,2026-07-27,9,36.0,15.25,6.190775923564935
SKU-065,Teleprompter Monitor A,Monitor,LOC-04,New Orleans,2026-08-03,4,9.0,17.5,5.649573663222541
SKU-065,Teleprompter Monitor A,Monitor,LOC-04,New Orleans,2026-08-10,6,4.0,13.75,6.730268694615401
SKU-066,Client Viewing Monitor A,Monitor,LOC-01,Los Angeles,2026-06-08,5,10.0,2.75,2.524741938467404
SKU-066,Client Viewing Monitor A,Monitor,LOC-01,Los Angeles,2026-06-15,17,5.0,4.0,3.426469212432349
SKU-066,Client Viewing Monitor A,Monitor,LOC-01,Los Angeles,2026-06-22,1,17.0,8.0,1.4713655451747143
SKU-066,Client Viewing Monitor A,Monitor,LOC-01,Los Angeles,2026-06-29,1,1.0,8.25,1.508260422817975
SKU-066,Client Viewing Monitor A,Monitor,LOC-01,Los Angeles,2026-07-06,5,1.0,6.0,2.4200756019358742
SKU-066,Client Viewing Monitor A,Monitor,LOC-01,Los Angeles,2026-07-13,0,5.0,6.0,1.4176731254682011
SKU-066,Client Viewing Monitor A,Monitor,LOC-01,Los Angeles,2026-07-20,8,0.0,1.75,3.694969696498187
SKU-066,Client Viewing Monitor A,Monitor,LOC-01,Los Angeles,2026-07-27,0,8.0,3.5,1.147454848526221
SKU-066,Client Viewing Monitor A,Monitor,LOC-01,Los Angeles,2026-08-03,0,0.0,3.25,0.2052002722329206
SKU-066,Client Viewing Monitor A,Monitor,LOC-01,Los Angeles,2026-08-10,0,0.0,2.0,1.6681311123298372
SKU-066,Client Viewing Monitor A,Monitor,LOC-02,Atlanta,2026-06-08,1,3.0,1.75,5.136872612449091
SKU-066,Client Viewing Monitor A,Monitor,LOC-02,Atlanta,2026-06-15,1,1.0,1.75,2.3896392409648377
SKU-066,Client Viewing Monitor A,Monitor,LOC-02,Atlanta,2026-06-22,3,1.0,1.25,3.954861540443495
SKU-066,Client Viewing Monitor A,Monitor,LOC-02,Atlanta,2026-06-29,2,3.0,2.0,2.245566690826985
SKU-066,Client Viewing Monitor A,Monitor,LOC-02,Atlanta,2026-07-06,7,2.0,1.75,5.350483846932393
SKU-066,Client Viewing Monitor A,Monitor,LOC-02,Atlanta,2026-07-13,0,7.0,3.25,0.9940700116848754
SKU-066,Client Viewing Monitor A,Monitor,LOC-02,Atlanta,2026-07-20,5,0.0,3.0,4.1170034676546345
SKU-066,Client Viewing Monitor A,Monitor,LOC-02,Atlanta,2026-07-27,2,5.0,3.5,2.670963514977489
SKU-066,Client Viewing Monitor A,Monitor,LOC-02,Atlanta,2026-08-03,4,2.0,3.5,3.849017538489682
SKU-066,Client Viewing Monitor A,Monitor,LOC-02,Atlanta,2026-08-10,2,4.0,2.75,2.6986901103944745
SKU-066,Client Viewing Monitor A,Monitor,LOC-03,New York,2026-06-08,0,13.0,4.0,1.04662151765385
SKU-066,Client Viewing Monitor A,Monitor,LOC-03,New York,2026-06-15,3,0.0,3.75,3.0765380125957176
SKU-066,Client Viewing Monitor A,Monitor,LOC-03,New York,2026-06-22,1,3.0,4.0,1.3060390155082116
SKU-066,Client Viewing Monitor A,Monitor,LOC-03,New York,2026-06-29,1,1.0,4.25,5.095410003425025
SKU-066,Client Viewing Monitor A,Monitor,LOC-03,New York,2026-07-06,3,1.0,1.25,2.442935106370492
SKU-066,Client Viewing Monitor A,Monitor,LOC-03,New York,2026-07-13,3,3.0,2.0,1.064844699851598
SKU-066,Client Viewing Monitor A,Monitor,LOC-03,New York,2026-07-20,2,3.0,2.0,1.0373745485639376
SKU-066,Client Viewing Monitor A,Monitor,LOC-03,New York,2026-07-27,0,2.0,2.25,0.0677299938073452
SKU-066,Client Viewing Monitor A,Monitor,LOC-03,New York,2026-08-03,0,0.0,2.0,1.4138042278070404
SKU-066,Client Viewing Monitor A,Monitor,LOC-03,New York,2026-08-10,0,0.0,1.25,1.7005220833421206
SKU-066,Client Viewing Monitor A,Monitor,LOC-04,New Orleans,2026-06-08,4,0.0,1.5,2.99052681784629
SKU-066,Client Viewing Monitor A,Monitor,LOC-04,New Orleans,2026-06-15,0,4.0,2.0,5.045927244933748
SKU-066,Client Viewing Monitor A,Monitor,LOC-04,New Orleans,2026-06-22,3,0.0,1.25,2.206903327377289
SKU-066,Client Viewing Monitor A,Monitor,LOC-04,New Orleans,2026-06-29,0,3.0,1.75,0.0841701764990566
SKU-066,Client Viewing Monitor A,Monitor,LOC-04,New Orleans,2026-07-06,5,0.0,1.75,4.005085661806661
SKU-066,Client Viewing Monitor A,Monitor,LOC-04,New Orleans,2026-07-13,1,5.0,2.0,1.0407979880480442
SKU-066,Client Viewing Monitor A,Monitor,LOC-04,New Orleans,2026-07-20,2,1.0,2.25,3.2682911778943757
SKU-066,Client Viewing Monitor A,Monitor,LOC-04,New Orleans,2026-07-27,6,2.0,2.0,1.9686989893548388
SKU-066,Client Viewing Monitor A,Monitor,LOC-04,New Orleans,2026-08-03,5,6.0,3.5,2.0835605327362576
SKU-066,Client Viewing Monitor A,Monitor,LOC-04,New Orleans,2026-08-10,1,5.0,3.5,3.332623079920136
SKU-067,Cinema Drone A,Drone,LOC-01,Los Angeles,2026-06-08,0,1.0,2.0,2.1105418872563946
SKU-067,Cinema Drone A,Drone,LOC-01,Los Angeles,2026-06-15,3,0.0,1.75,1.8230326784605455
SKU-067,Cinema Drone A,Drone,LOC-01,Los Angeles,2026-06-22,2,3.0,2.0,0.8976967993705405
SKU-067,Cinema Drone A,Drone,LOC-01,Los Angeles,2026-06-29,1,2.0,1.5,0.9048827599365176
SKU-067,Cinema Drone A,Drone,LOC-01,Los Angeles,2026-07-06,2,1.0,1.5,2.184523379947209
SKU-067,Cinema Drone A,Drone,LOC-01,Los Angeles,2026-07-13,1,2.0,2.0,0.8818561025224296
SKU-067,Cinema Drone A,Drone,LOC-01,Los Angeles,2026-07-20,1,1.0,1.5,2.962896122302182
SKU-067,Cinema Drone A,Drone,LOC-01,Los Angeles,2026-07-27,1,1.0,1.25,0.9228041771164236
SKU-067,Cinema Drone A,Drone,LOC-01,Los Angeles,2026-08-03,0,1.0,1.25,0.0732298539834075
SKU-067,Cinema Drone A,Drone,LOC-01,Los Angeles,2026-08-10,0,0.0,0.75,0.915726624203318
SKU-067,Cinema Drone A,Drone,LOC-02,Atlanta,2026-06-08,2,5.0,1.25,4.127506688105453
SKU-067,Cinema Drone A,Drone,LOC-02,Atlanta,2026-06-15,4,2.0,1.75,2.288628694712424
SKU-067,Cinema Drone A,Drone,LOC-02,Atlanta,2026-06-22,5,4.0,2.75,3.079015371654376
SKU-067,Cinema Drone A,Drone,LOC-02,Atlanta,2026-06-29,0,5.0,4.0,2.448265985612836
SKU-067,Cinema Drone A,Drone,LOC-02,Atlanta,2026-07-06,6,0.0,2.75,3.100721999423035
SKU-067,Cinema Drone A,Drone,LOC-02,Atlanta,2026-07-13,2,6.0,3.75,0.6968395391045878
SKU-067,Cinema Drone A,Drone,LOC-02,Atlanta,2026-07-20,3,2.0,3.25,3.4941161732296946
SKU-067,Cinema Drone A,Drone,LOC-02,Atlanta,2026-07-27,1,3.0,2.75,2.1273722822465317
SKU-067,Cinema Drone A,Drone,LOC-02,Atlanta,2026-08-03,0,1.0,3.0,2.037630278268265
SKU-067,Cinema Drone A,Drone,LOC-02,Atlanta,2026-08-10,0,0.0,1.5,1.892876652479465
SKU-067,Cinema Drone A,Drone,LOC-03,New York,2026-06-08,0,0.0,0.5,0.8321005767011322
SKU-067,Cinema Drone A,Drone,LOC-03,New York,2026-06-15,2,0.0,0.0,2.340567717100261
SKU-067,Cinema Drone A,Drone,LOC-03,New York,2026-06-22,1,2.0,0.5,0.8733718253724903
SKU-067,Cinema Drone A,Drone,LOC-03,New York,2026-06-29,6,1.0,0.75,3.4073099553590573
SKU-067,Cinema Drone A,Drone,LOC-03,New York,2026-07-06,3,6.0,2.25,2.3934787128168
SKU-067,Cinema Drone A,Drone,LOC-03,New York,2026-07-13,0,3.0,3.0,0.7935383143837901
SKU-067,Cinema Drone A,Drone,LOC-03,New York,2026-07-20,0,0.0,2.5,0.7398416456056054
SKU-067,Cinema Drone A,Drone,LOC-03,New York,2026-07-27,0,0.0,2.25,0.0238920271475184
SKU-067,Cinema Drone A,Drone,LOC-03,New York,2026-08-03,1,0.0,0.75,0.8069762340675468
SKU-067,Cinema Drone A,Drone,LOC-03,New York,2026-08-10,1,1.0,0.25,0.7684157835266838
SKU-067,Cinema Drone A,Drone,LOC-04,New Orleans,2026-06-08,2,0.0,0.5,3.766720933386413
SKU-067,Cinema Drone A,Drone,LOC-04,New Orleans,2026-06-15,0,2.0,0.75,3.484199204964211
SKU-067,Cinema Drone A,Drone,LOC-04,New Orleans,2026-06-22,3,0.0,0.5,2.161673604389234
SKU-067,Cinema Drone A,Drone,LOC-04,New Orleans,2026-06-29,0,3.0,1.25,0.0737058663600357
SKU-067,Cinema Drone A,Drone,LOC-04,New Orleans,2026-07-06,4,0.0,1.25,3.2753975669134445
SKU-067,Cinema Drone A,Drone,LOC-04,New Orleans,2026-07-13,0,4.0,1.75,0.7280651032645206
SKU-067,Cinema Drone A,Drone,LOC-04,New Orleans,2026-07-20,4,0.0,1.75,1.8854731544024463
SKU-067,Cinema Drone A,Drone,LOC-04,New Orleans,2026-07-27,2,4.0,2.0,1.9788652600297707
SKU-067,Cinema Drone A,Drone,LOC-04,New Orleans,2026-08-03,0,2.0,2.5,1.8703807901982328
SKU-067,Cinema Drone A,Drone,LOC-04,New Orleans,2026-08-10,1,0.0,1.5,1.9732163154940912
SKU-068,Cinema Drone B,Drone,LOC-01,Los Angeles,2026-06-08,6,9.0,4.25,4.046110094488029
SKU-068,Cinema Drone B,Drone,LOC-01,Los Angeles,2026-06-15,2,6.0,5.5,4.090452459023273
SKU-068,Cinema Drone B,Drone,LOC-01,Los Angeles,2026-06-22,1,2.0,5.0,2.9540029806827675
SKU-068,Cinema Drone B,Drone,LOC-01,Los Angeles,2026-06-29,1,1.0,4.5,3.316967804097485
SKU-068,Cinema Drone B,Drone,LOC-01,Los Angeles,2026-07-06,3,1.0,2.5,3.941504185491291
SKU-068,Cinema Drone B,Drone,LOC-01,Los Angeles,2026-07-13,1,3.0,1.75,2.1804463853709395
SKU-068,Cinema Drone B,Drone,LOC-01,Los Angeles,2026-07-20,9,1.0,1.5,6.483395607988461
SKU-068,Cinema Drone B,Drone,LOC-01,Los Angeles,2026-07-27,2,9.0,3.5,1.8506024622810568
SKU-068,Cinema Drone B,Drone,LOC-01,Los Angeles,2026-08-03,0,2.0,3.75,0.0805941749362185
SKU-068,Cinema Drone B,Drone,LOC-01,Los Angeles,2026-08-10,21,0.0,3.0,1.780488232211156
SKU-068,Cinema Drone B,Drone,LOC-02,Atlanta,2026-06-08,4,3.0,2.25,7.06461680022379
SKU-068,Cinema Drone B,Drone,LOC-02,Atlanta,2026-06-15,11,4.0,3.25,3.5769074448512703
SKU-068,Cinema Drone B,Drone,LOC-02,Atlanta,2026-06-22,11,11.0,5.75,7.294271217593763
SKU-068,Cinema Drone B,Drone,LOC-02,Atlanta,2026-06-29,9,11.0,7.25,4.885521762634109
SKU-068,Cinema Drone B,Drone,LOC-02,Atlanta,2026-07-06,9,9.0,8.75,7.125400958801122
SKU-068,Cinema Drone B,Drone,LOC-02,Atlanta,2026-07-13,3,9.0,10.0,1.787242631859275
SKU-068,Cinema Drone B,Drone,LOC-02,Atlanta,2026-07-20,7,3.0,8.0,6.293469287403225
SKU-068,Cinema Drone B,Drone,LOC-02,Atlanta,2026-07-27,3,7.0,7.0,4.583752813295511
SKU-068,Cinema Drone B,Drone,LOC-02,Atlanta,2026-08-03,0,3.0,5.5,4.133621674887039
SKU-068,Cinema Drone B,Drone,LOC-02,Atlanta,2026-08-10,1,0.0,3.25,4.202824066958027
SKU-068,Cinema Drone B,Drone,LOC-03,New York,2026-06-08,3,6.0,2.0,1.686864187982736
SKU-068,Cinema Drone B,Drone,LOC-03,New York,2026-06-15,9,3.0,2.75,3.787179329903828
SKU-068,Cinema Drone B,Drone,LOC-03,New York,2026-06-22,3,9.0,4.75,2.271475770370623
SKU-068,Cinema Drone B,Drone,LOC-03,New York,2026-06-29,12,3.0,5.25,6.493773847755586
SKU-068,Cinema Drone B,Drone,LOC-03,New York,2026-07-06,5,12.0,6.75,4.548690009005719
SKU-068,Cinema Drone B,Drone,LOC-03,New York,2026-07-13,2,5.0,7.25,1.792168916264842
SKU-068,Cinema Drone B,Drone,LOC-03,New York,2026-07-20,2,2.0,5.5,1.6307869665540793
SKU-068,Cinema Drone B,Drone,LOC-03,New York,2026-07-27,0,2.0,5.25,0.131945338059895
SKU-068,Cinema Drone B,Drone,LOC-03,New York,2026-08-03,4,0.0,2.25,1.568508555272216
SKU-068,Cinema Drone B,Drone,LOC-03,New York,2026-08-10,3,4.0,2.0,1.715826131688389
SKU-068,Cinema Drone B,Drone,LOC-04,New Orleans,2026-06-08,5,0.0,1.25,6.28184594206756
SKU-068,Cinema Drone B,Drone,LOC-04,New Orleans,2026-06-15,3,5.0,2.25,7.772019255122019
SKU-068,Cinema Drone B,Drone,LOC-04,New Orleans,2026-06-22,1,3.0,2.25,4.072818841855534
SKU-068,Cinema Drone B,Drone,LOC-04,New Orleans,2026-06-29,0,1.0,2.25,0.1337964937978718
SKU-068,Cinema Drone B,Drone,LOC-04,New Orleans,2026-07-06,3,0.0,2.25,6.7833899549193
SKU-068,Cinema Drone B,Drone,LOC-04,New Orleans,2026-07-13,0,3.0,1.75,1.5515509548094883
SKU-068,Cinema Drone B,Drone,LOC-04,New Orleans,2026-07-20,4,0.0,1.0,2.781731922100397
SKU-068,Cinema Drone B,Drone,LOC-04,New Orleans,2026-07-27,26,4.0,1.75,2.6630501451941355
SKU-068,Cinema Drone B,Drone,LOC-04,New Orleans,2026-08-03,3,26.0,8.25,2.392424778865866
SKU-068,Cinema Drone B,Drone,LOC-04,New Orleans,2026-08-10,2,3.0,8.25,2.510706254465396
SKU-069,Compact Drone A,Drone,LOC-01,Los Angeles,2026-06-08,2,3.0,2.5,0.7789094937764917
SKU-069,Compact Drone A,Drone,LOC-01,Los Angeles,2026-06-15,0,2.0,3.0,0.8530390182906089
SKU-069,Compact Drone A,Drone,LOC-01,Los Angeles,2026-06-22,0,0.0,1.75,0.4366631244016408
SKU-069,Compact Drone A,Drone,LOC-01,Los Angeles,2026-06-29,0,0.0,1.25,0.6334596586099714
SKU-069,Compact Drone A,Drone,LOC-01,Los Angeles,2026-07-06,0,0.0,0.5,0.639913491409459
SKU-069,Compact Drone A,Drone,LOC-01,Los Angeles,2026-07-13,0,0.0,0.0,0.405483685645452
SKU-069,Compact Drone A,Drone,LOC-01,Los Angeles,2026-07-20,4,0.0,0.0,0.9343280746964444
SKU-069,Compact Drone A,Drone,LOC-01,Los Angeles,2026-07-27,1,4.0,1.0,0.745931240129044
SKU-069,Compact Drone A,Drone,LOC-01,Los Angeles,2026-08-03,0,1.0,1.25,0.0876770126989763
SKU-069,Compact Drone A,Drone,LOC-01,Los Angeles,2026-08-10,0,0.0,1.25,0.597608246685131
SKU-069,Compact Drone A,Drone,LOC-02,Atlanta,2026-06-08,1,0.0,0.25,1.6814573405922524
SKU-069,Compact Drone A,Drone,LOC-02,Atlanta,2026-06-15,1,1.0,0.25,0.6795441833744305
SKU-069,Compact Drone A,Drone,LOC-02,Atlanta,2026-06-22,0,1.0,0.5,0.9465103430937144
SKU-069,Compact Drone A,Drone,LOC-02,Atlanta,2026-06-29,1,0.0,0.5,0.4129067347553445
SKU-069,Compact Drone A,Drone,LOC-02,Atlanta,2026-07-06,3,1.0,0.75,1.0052382055878777
SKU-069,Compact Drone A,Drone,LOC-02,Atlanta,2026-07-13,0,3.0,1.25,0.4170866572523987
SKU-069,Compact Drone A,Drone,LOC-02,Atlanta,2026-07-20,0,0.0,1.0,1.3560053037718334
SKU-069,Compact Drone A,Drone,LOC-02,Atlanta,2026-07-27,1,0.0,1.0,0.700046877949564
SKU-069,Compact Drone A,Drone,LOC-02,Atlanta,2026-08-03,1,1.0,1.0,0.5331564980231652
SKU-069,Compact Drone A,Drone,LOC-02,Atlanta,2026-08-10,1,1.0,0.5,0.3627629741119811
SKU-069,Compact Drone A,Drone,LOC-03,New York,2026-06-08,1,0.0,0.0,0.2131289844721409
SKU-069,Compact Drone A,Drone,LOC-03,New York,2026-06-15,2,1.0,0.25,0.8036416281854306
SKU-069,Compact Drone A,Drone,LOC-03,New York,2026-06-22,0,2.0,0.75,0.5443271959399959
SKU-069,Compact Drone A,Drone,LOC-03,New York,2026-06-29,1,0.0,0.75,1.5037555029173737
SKU-069,Compact Drone A,Drone,LOC-03,New York,2026-07-06,1,1.0,1.0,1.4345283623899316
SKU-069,Compact Drone A,Drone,LOC-03,New York,2026-07-13,1,1.0,1.0,0.388497831057543
SKU-069,Compact Drone A,Drone,LOC-03,New York,2026-07-20,0,1.0,0.75,0.3035310225207411
SKU-069,Compact Drone A,Drone,LOC-03,New York,2026-07-27,0,0.0,0.75,0.0294260511954097
SKU-069,Compact Drone A,Drone,LOC-03,New York,2026-08-03,0,0.0,0.5,0.5088806051607939
SKU-069,Compact Drone A,Drone,LOC-03,New York,2026-08-10,0,0.0,0.25,0.3487781546055019
SKU-069,Compact Drone A,Drone,LOC-04,New Orleans,2026-06-08,1,0.0,0.5,1.3987763961614317
SKU-069,Compact Drone A,Drone,LOC-04,New Orleans,2026-06-15,0,1.0,0.75,1.363770737759591
SKU-069,Compact Drone A,Drone,LOC-04,New Orleans,2026-06-22,0,0.0,0.5,0.6557103389760545
SKU-069,Compact Drone A,Drone,LOC-04,New Orleans,2026-06-29,0,0.0,0.25,0.0598140215766008
SKU-069,Compact Drone A,Drone,LOC-04,New Orleans,2026-07-06,0,0.0,0.25,1.0034199256571603
SKU-069,Compact Drone A,Drone,LOC-04,New Orleans,2026-07-13,1,0.0,0.0,0.5485991284162729
SKU-069,Compact Drone A,Drone,LOC-04,New Orleans,2026-07-20,0,1.0,0.25,0.4862045673651364
SKU-069,Compact Drone A,Drone,LOC-04,New Orleans,2026-07-27,0,0.0,0.25,0.5244026179262019
SKU-069,Compact Drone A,Drone,LOC-04,New Orleans,2026-08-03,0,0.0,0.25,0.6112520868003933
SKU-069,Compact Drone A,Drone,LOC-04,New Orleans,2026-08-10,0,0.0,0.25,0.587847985823604
SKU-070,FPV Drone Kit A,Drone,LOC-01,Los Angeles,2026-06-08,2,2.0,0.75,0.5954699979532048
SKU-070,FPV Drone Kit A,Drone,LOC-01,Los Angeles,2026-06-15,1,2.0,1.0,0.6483873537806282
SKU-070,FPV Drone Kit A,Drone,LOC-01,Los Angeles,2026-06-22,0,1.0,1.25,0.4018708751750908
SKU-070,FPV Drone Kit A,Drone,LOC-01,Los Angeles,2026-06-29,0,0.0,1.25,0.5013927514950685
SKU-070,FPV Drone Kit A,Drone,LOC-01,Los Angeles,2026-07-06,0,0.0,0.75,0.756586372027538
SKU-070,FPV Drone Kit A,Drone,LOC-01,Los Angeles,2026-07-13,2,0.0,0.25,0.4067331408350639
SKU-070,FPV Drone Kit A,Drone,LOC-01,Los Angeles,2026-07-20,3,2.0,0.5,1.5777820859131682
SKU-070,FPV Drone Kit A,Drone,LOC-01,Los Angeles,2026-07-27,0,3.0,1.25,0.5170715505938653
SKU-070,FPV Drone Kit A,Drone,LOC-01,Los Angeles,2026-08-03,0,0.0,1.25,0.0761636616402124
SKU-070,FPV Drone Kit A,Drone,LOC-01,Los Angeles,2026-08-10,0,0.0,1.25,0.6418468543868698
SKU-070,FPV Drone Kit A,Drone,LOC-02,Atlanta,2026-06-08,1,0.0,0.0,2.905143889086623
SKU-070,FPV Drone Kit A,Drone,LOC-02,Atlanta,2026-06-15,1,1.0,0.25,0.9208105110365044
SKU-070,FPV Drone Kit A,Drone,LOC-02,Atlanta,2026-06-22,3,1.0,0.5,1.7207848425767478
SKU-070,FPV Drone Kit A,Drone,LOC-02,Atlanta,2026-06-29,0,3.0,1.25,0.5654899010759096
SKU-070,FPV Drone Kit A,Drone,LOC-02,Atlanta,2026-07-06,0,0.0,1.25,2.3623413374425524
SKU-070,FPV Drone Kit A,Drone,LOC-02,Atlanta,2026-07-13,0,0.0,1.0,0.4790893811201265
SKU-070,FPV Drone Kit A,Drone,LOC-02,Atlanta,2026-07-20,2,0.0,0.75,1.93021226341923
SKU-070,FPV Drone Kit A,Drone,LOC-02,Atlanta,2026-07-27,0,2.0,0.5,0.6162086248104465
SKU-070,FPV Drone Kit A,Drone,LOC-02,Atlanta,2026-08-03,1,0.0,0.5,0.8370162922772144
SKU-070,FPV Drone Kit A,Drone,LOC-02,Atlanta,2026-08-10,1,1.0,0.75,0.819988501904301
SKU-070,FPV Drone Kit A,Drone,LOC-03,New York,2026-06-08,0,2.0,0.75,0.1906205784395448
SKU-070,FPV Drone Kit A,Drone,LOC-03,New York,2026-06-15,1,0.0,0.75,1.1762813745756409
SKU-070,FPV Drone Kit A,Drone,LOC-03,New York,2026-06-22,1,1.0,0.75,0.5757803200685878
SKU-070,FPV Drone Kit A,Drone,LOC-03,New York,2026-06-29,2,1.0,1.0,2.0509711442811254
SKU-070,FPV Drone Kit A,Drone,LOC-03,New York,2026-07-06,1,2.0,1.0,1.3748890536123697
SKU-070,FPV Drone Kit A,Drone,LOC-03,New York,2026-07-13,0,1.0,1.25,0.4045500076918122
SKU-070,FPV Drone Kit A,Drone,LOC-03,New York,2026-07-20,0,0.0,1.0,0.2964210838776672
SKU-070,FPV Drone Kit A,Drone,LOC-03,New York,2026-07-27,0,0.0,0.75,0.0179675857009126
SKU-070,FPV Drone Kit A,Drone,LOC-03,New York,2026-08-03,0,0.0,0.25,0.4718444463338436
SKU-070,FPV Drone Kit A,Drone,LOC-03,New York,2026-08-10,0,0.0,0.0,0.378552113453172
SKU-070,FPV Drone Kit A,Drone,LOC-04,New Orleans,2026-06-08,0,0.0,0.5,1.6348059038605434
SKU-070,FPV Drone Kit A,Drone,LOC-04,New Orleans,2026-06-15,2,0.0,0.5,1.4759798020879962
SKU-070,FPV Drone Kit A,Drone,LOC-04,New Orleans,2026-06-22,1,2.0,0.5,0.8640744777854686
SKU-070,FPV Drone Kit A,Drone,LOC-04,New Orleans,2026-06-29,0,1.0,0.75,0.0714060835191923
SKU-070,FPV Drone Kit A,Drone,LOC-04,New Orleans,2026-07-06,0,0.0,0.75,1.7152185562537048
SKU-070,FPV Drone Kit A,Drone,LOC-04,New Orleans,2026-07-13,0,0.0,0.75,0.4619423886558826
SKU-070,FPV Drone Kit A,Drone,LOC-04,New Orleans,2026-07-20,0,0.0,0.25,0.6015275626843364
SKU-070,FPV Drone Kit A,Drone,LOC-04,New Orleans,2026-07-27,0,0.0,0.0,0.6612969402566717
SKU-070,FPV Drone Kit A,Drone,LOC-04,New Orleans,2026-08-03,1,0.0,0.0,0.6633629411066501
SKU-070,FPV Drone Kit A,Drone,LOC-04,New Orleans,2026-08-10,1,1.0,0.25,0.7532617951012809
SKU-071,Cinema Drone C,Drone,LOC-01,Los Angeles,2026-06-08,6,5.0,2.5,2.3964403615338328
SKU-071,Cinema Drone C,Drone,LOC-01,Los Angeles,2026-06-15,2,6.0,4.0,2.8282047263909083
SKU-071,Cinema Drone C,Drone,LOC-01,Los Angeles,2026-06-22,2,2.0,4.0,1.7644321400324563
SKU-071,Cinema Drone C,Drone,LOC-01,Los Angeles,2026-06-29,2,2.0,3.75,1.369212608931142
SKU-071,Cinema Drone C,Drone,LOC-01,Los Angeles,2026-07-06,2,2.0,3.0,2.727942180160357
SKU-071,Cinema Drone C,Drone,LOC-01,Los Angeles,2026-07-13,1,2.0,2.0,1.1015774527322717
SKU-071,Cinema Drone C,Drone,LOC-01,Los Angeles,2026-07-20,4,1.0,1.75,4.492058007749265
SKU-071,Cinema Drone C,Drone,LOC-01,Los Angeles,2026-07-27,0,4.0,2.25,1.09006151874379
SKU-071,Cinema Drone C,Drone,LOC-01,Los Angeles,2026-08-03,0,0.0,1.75,0.1074661284885117
SKU-071,Cinema Drone C,Drone,LOC-01,Los Angeles,2026-08-10,0,0.0,1.25,1.7133639589698229
SKU-071,Cinema Drone C,Drone,LOC-02,Atlanta,2026-06-08,3,3.0,1.5,6.792682348736975
SKU-071,Cinema Drone C,Drone,LOC-02,Atlanta,2026-06-15,6,3.0,1.75,2.437334845134759
SKU-071,Cinema Drone C,Drone,LOC-02,Atlanta,2026-06-22,3,6.0,3.25,4.839927513013932
SKU-071,Cinema Drone C,Drone,LOC-02,Atlanta,2026-06-29,3,3.0,3.75,2.548726437338254
SKU-071,Cinema Drone C,Drone,LOC-02,Atlanta,2026-07-06,6,3.0,3.75,5.29708292269897
SKU-071,Cinema Drone C,Drone,LOC-02,Atlanta,2026-07-13,1,6.0,4.5,1.0799731141712905
SKU-071,Cinema Drone C,Drone,LOC-02,Atlanta,2026-07-20,9,1.0,3.25,5.259287064137916
SKU-071,Cinema Drone C,Drone,LOC-02,Atlanta,2026-07-27,0,9.0,4.75,3.0059965675982943
SKU-071,Cinema Drone C,Drone,LOC-02,Atlanta,2026-08-03,1,0.0,4.0,2.9501271680400345
SKU-071,Cinema Drone C,Drone,LOC-02,Atlanta,2026-08-10,2,1.0,2.75,3.2422674406291647
SKU-071,Cinema Drone C,Drone,LOC-03,New York,2026-06-08,0,3.0,1.25,1.1053651943940246
SKU-071,Cinema Drone C,Drone,LOC-03,New York,2026-06-15,5,0.0,1.0,2.9257822895887733
SKU-071,Cinema Drone C,Drone,LOC-03,New York,2026-06-22,1,5.0,2.0,1.3682382853473922
SKU-071,Cinema Drone C,Drone,LOC-03,New York,2026-06-29,3,1.0,2.25,5.307945900718632
SKU-071,Cinema Drone C,Drone,LOC-03,New York,2026-07-06,4,3.0,2.25,2.510526079373183
SKU-071,Cinema Drone C,Drone,LOC-03,New York,2026-07-13,1,4.0,3.25,1.1566354048181344
SKU-071,Cinema Drone C,Drone,LOC-03,New York,2026-07-20,0,1.0,2.25,1.070439798737388
SKU-071,Cinema Drone C,Drone,LOC-03,New York,2026-07-27,0,0.0,2.0,0.0486606401164435
SKU-071,Cinema Drone C,Drone,LOC-03,New York,2026-08-03,0,0.0,1.25,1.5697752316678597
SKU-071,Cinema Drone C,Drone,LOC-03,New York,2026-08-10,0,0.0,0.25,2.2255074078820383
SKU-071,Cinema Drone C,Drone,LOC-04,New Orleans,2026-06-08,3,0.0,3.0,3.977739391170326
SKU-071,Cinema Drone C,Drone,LOC-04,New Orleans,2026-06-15,3,3.0,2.25,5.925342002600424
SKU-071,Cinema Drone C,Drone,LOC-04,New Orleans,2026-06-22,5,3.0,1.75,2.397839511432857
SKU-071,Cinema Drone C,Drone,LOC-04,New Orleans,2026-06-29,0,5.0,2.75,0.0840551086735591
SKU-071,Cinema Drone C,Drone,LOC-04,New Orleans,2026-07-06,6,0.0,2.75,3.906233669326265
SKU-071,Cinema Drone C,Drone,LOC-04,New Orleans,2026-07-13,0,6.0,3.5,1.2524042543076168
SKU-071,Cinema Drone C,Drone,LOC-04,New Orleans,2026-07-20,4,0.0,2.75,2.6316312360377765
SKU-071,Cinema Drone C,Drone,LOC-04,New Orleans,2026-07-27,1,4.0,2.5,2.61626457676707
SKU-071,Cinema Drone C,Drone,LOC-04,New Orleans,2026-08-03,2,1.0,2.75,2.403139442674518
SKU-071,Cinema Drone C,Drone,LOC-04,New Orleans,2026-08-10,3,2.0,1.75,2.3077831136510114
SKU-072,FPV Drone Kit B,Drone,LOC-01,Los Angeles,2026-06-08,4,7.0,2.75,1.394594709607441
SKU-072,FPV Drone Kit B,Drone,LOC-01,Los Angeles,2026-06-15,0,4.0,3.0,1.483227132204751
SKU-072,FPV Drone Kit B,Drone,LOC-01,Los Angeles,2026-06-22,1,0.0,2.75,0.8719305454891958
SKU-072,FPV Drone Kit B,Drone,LOC-01,Los Angeles,2026-06-29,0,1.0,3.0,0.9186619224455354
SKU-072,FPV Drone Kit B,Drone,LOC-01,Los Angeles,2026-07-06,1,0.0,1.25,1.3592043686307225
SKU-072,FPV Drone Kit B,Drone,LOC-01,Los Angeles,2026-07-13,2,1.0,0.5,0.8477968326873505
SKU-072,FPV Drone Kit B,Drone,LOC-01,Los Angeles,2026-07-20,3,2.0,1.0,1.9874047201451197
SKU-072,FPV Drone Kit B,Drone,LOC-01,Los Angeles,2026-07-27,0,3.0,1.5,0.7506657517832218
SKU-072,FPV Drone Kit B,Drone,LOC-01,Los Angeles,2026-08-03,0,0.0,1.5,0.0628337764977884
SKU-072,FPV Drone Kit B,Drone,LOC-01,Los Angeles,2026-08-10,0,0.0,1.25,0.7625017423804252
SKU-072,FPV Drone Kit B,Drone,LOC-02,Atlanta,2026-06-08,0,1.0,0.75,3.3642670216317314
SKU-072,FPV Drone Kit B,Drone,LOC-02,Atlanta,2026-06-15,7,0.0,0.75,1.3527799013715625
SKU-072,FPV Drone Kit B,Drone,LOC-02,Atlanta,2026-06-22,4,7.0,2.5,2.1905379741268187
SKU-072,FPV Drone Kit B,Drone,LOC-02,Atlanta,2026-06-29,2,4.0,3.0,1.3482618097287593
SKU-072,FPV Drone Kit B,Drone,LOC-02,Atlanta,2026-07-06,3,2.0,3.25,2.4198872994179665
SKU-072,FPV Drone Kit B,Drone,LOC-02,Atlanta,2026-07-13,0,3.0,4.0,0.7377067327043144
SKU-072,FPV Drone Kit B,Drone,LOC-02,Atlanta,2026-07-20,2,0.0,2.25,2.7571347545258997
SKU-072,FPV Drone Kit B,Drone,LOC-02,Atlanta,2026-07-27,1,2.0,1.75,1.1049508154309962
SKU-072,FPV Drone Kit B,Drone,LOC-02,Atlanta,2026-08-03,0,1.0,1.5,1.2023920569911102
SKU-072,FPV Drone Kit B,Drone,LOC-02,Atlanta,2026-08-10,1,0.0,0.75,1.2413315769258844
SKU-072,FPV Drone Kit B,Drone,LOC-03,New York,2026-06-08,0,1.0,1.5,0.7412359133336462
SKU-072,FPV Drone Kit B,Drone,LOC-03,New York,2026-06-15,2,0.0,1.0,1.50596092603046
SKU-072,FPV Drone Kit B,Drone,LOC-03,New York,2026-06-22,1,2.0,1.5,0.7913166403430734
SKU-072,FPV Drone Kit B,Drone,LOC-03,New York,2026-06-29,3,1.0,1.0,2.280364317897117
SKU-072,FPV Drone Kit B,Drone,LOC-03,New York,2026-07-06,2,3.0,1.5,1.5336606728340785
SKU-072,FPV Drone Kit B,Drone,LOC-03,New York,2026-07-13,1,2.0,2.0,0.7530345553875315
SKU-072,FPV Drone Kit B,Drone,LOC-03,New York,2026-07-20,1,1.0,1.75,0.6943684076452199
SKU-072,FPV Drone Kit B,Drone,LOC-03,New York,2026-07-27,0,1.0,1.75,0.0255999282894
SKU-072,FPV Drone Kit B,Drone,LOC-03,New York,2026-08-03,0,0.0,1.0,0.7100447251701472
SKU-072,FPV Drone Kit B,Drone,LOC-03,New York,2026-08-10,1,0.0,0.5,0.6928677317440011
SKU-072,FPV Drone Kit B,Drone,LOC-04,New Orleans,2026-06-08,2,0.0,0.25,1.6217885448737364
SKU-072,FPV Drone Kit B,Drone,LOC-04,New Orleans,2026-06-15,0,2.0,0.75,1.779971162693772
SKU-072,FPV Drone Kit B,Drone,LOC-04,New Orleans,2026-06-22,2,0.0,0.5,1.436697157802599
SKU-072,FPV Drone Kit B,Drone,LOC-04,New Orleans,2026-06-29,0,2.0,1.0,0.0456710755652541
SKU-072,FPV Drone Kit B,Drone,LOC-04,New Orleans,2026-07-06,2,0.0,1.0,1.899412299643492
SKU-072,FPV Drone Kit B,Drone,LOC-04,New Orleans,2026-07-13,0,2.0,1.0,0.6813317072616307
SKU-072,FPV Drone Kit B,Drone,LOC-04,New Orleans,2026-07-20,0,0.0,1.0,0.9523733464542294
SKU-072,FPV Drone Kit B,Drone,LOC-04,New Orleans,2026-07-27,0,0.0,0.5,1.1370959271585075
SKU-072,FPV Drone Kit B,Drone,LOC-04,New Orleans,2026-08-03,13,0.0,0.5,1.1184399856803704
SKU-072,FPV Drone Kit B,Drone,LOC-04,New Orleans,2026-08-10,2,13.0,3.25,1.6049605776779592
SKU-073,Drone Battery Kit A,Drone,LOC-01,Los Angeles,2026-06-08,4,1.0,1.0,2.019894307007334
SKU-073,Drone Battery Kit A,Drone,LOC-01,Los Angeles,2026-06-15,2,4.0,1.75,2.4020102273731445
SKU-073,Drone Battery Kit A,Drone,LOC-01,Los Angeles,2026-06-22,3,2.0,2.0,1.4194914477131588
SKU-073,Drone Battery Kit A,Drone,LOC-01,Los Angeles,2026-06-29,0,3.0,2.5,1.236441826544276
SKU-073,Drone Battery Kit A,Drone,LOC-01,Los Angeles,2026-07-06,3,0.0,2.25,2.640933304020688
SKU-073,Drone Battery Kit A,Drone,LOC-01,Los Angeles,2026-07-13,2,3.0,2.0,1.1330871913307354
SKU-073,Drone Battery Kit A,Drone,LOC-01,Los Angeles,2026-07-20,8,2.0,2.0,3.545746625319864
SKU-073,Drone Battery Kit A,Drone,LOC-01,Los Angeles,2026-07-27,0,8.0,3.25,1.0625260879786351
SKU-073,Drone Battery Kit A,Drone,LOC-01,Los Angeles,2026-08-03,0,0.0,3.25,0.1388961560472602
SKU-073,Drone Battery Kit A,Drone,LOC-01,Los Angeles,2026-08-10,2,0.0,2.5,1.7699257656383065
SKU-073,Drone Battery Kit A,Drone,LOC-02,Atlanta,2026-06-08,4,2.0,1.75,4.26267366735426
SKU-073,Drone Battery Kit A,Drone,LOC-02,Atlanta,2026-06-15,1,4.0,2.25,2.476710884705944
SKU-073,Drone Battery Kit A,Drone,LOC-02,Atlanta,2026-06-22,2,1.0,2.25,3.3259231300141066
SKU-073,Drone Battery Kit A,Drone,LOC-02,Atlanta,2026-06-29,2,2.0,2.25,1.9341257831698797
SKU-073,Drone Battery Kit A,Drone,LOC-02,Atlanta,2026-07-06,2,2.0,2.25,4.227808358547708
SKU-073,Drone Battery Kit A,Drone,LOC-02,Atlanta,2026-07-13,1,2.0,1.75,1.1630080926649438
SKU-073,Drone Battery Kit A,Drone,LOC-02,Atlanta,2026-07-20,2,1.0,1.75,4.1872132200434775
SKU-073,Drone Battery Kit A,Drone,LOC-02,Atlanta,2026-07-27,3,2.0,1.75,1.9621643483716045
SKU-073,Drone Battery Kit A,Drone,LOC-02,Atlanta,2026-08-03,0,3.0,2.0,2.072921451832493
SKU-073,Drone Battery Kit A,Drone,LOC-02,Atlanta,2026-08-10,0,0.0,1.5,2.315997298775559
SKU-073,Drone Battery Kit A,Drone,LOC-03,New York,2026-06-08,0,0.0,0.5,1.30142482025556
SKU-073,Drone Battery Kit A,Drone,LOC-03,New York,2026-06-15,2,0.0,0.25,2.436894623589484
SKU-073,Drone Battery Kit A,Drone,LOC-03,New York,2026-06-22,1,2.0,0.75,1.8204301659818856
SKU-073,Drone Battery Kit A,Drone,LOC-03,New York,2026-06-29,8,1.0,0.75,3.71375486592427
SKU-073,Drone Battery Kit A,Drone,LOC-03,New York,2026-07-06,5,8.0,2.75,2.5790771334022518
SKU-073,Drone Battery Kit A,Drone,LOC-03,New York,2026-07-13,1,5.0,4.0,1.1057726734068871
SKU-073,Drone Battery Kit A,Drone,LOC-03,New York,2026-07-20,1,1.0,3.75,1.0990162485747126
SKU-073,Drone Battery Kit A,Drone,LOC-03,New York,2026-07-27,0,1.0,3.75,0.1279662482370088
SKU-073,Drone Battery Kit A,Drone,LOC-03,New York,2026-08-03,0,0.0,1.75,1.7359000061928285
SKU-073,Drone Battery Kit A,Drone,LOC-03,New York,2026-08-10,0,0.0,0.5,2.44653662186832
SKU-073,Drone Battery Kit A,Drone,LOC-04,New Orleans,2026-06-08,2,0.0,1.75,3.109096757526785
SKU-073,Drone Battery Kit A,Drone,LOC-04,New Orleans,2026-06-15,2,2.0,2.25,3.327733487939525
SKU-073,Drone Battery Kit A,Drone,LOC-04,New Orleans,2026-06-22,2,2.0,1.25,2.103447629255487
SKU-073,Drone Battery Kit A,Drone,LOC-04,New Orleans,2026-06-29,0,2.0,1.5,0.0867471614469543
SKU-073,Drone Battery Kit A,Drone,LOC-04,New Orleans,2026-07-06,2,0.0,1.5,3.153759088269634
SKU-073,Drone Battery Kit A,Drone,LOC-04,New Orleans,2026-07-13,1,2.0,1.5,1.1229920169029888
SKU-073,Drone Battery Kit A,Drone,LOC-04,New Orleans,2026-07-20,1,1.0,1.25,1.5448665078103547
SKU-073,Drone Battery Kit A,Drone,LOC-04,New Orleans,2026-07-27,2,1.0,1.0,1.6481434947068363
SKU-073,Drone Battery Kit A,Drone,LOC-04,New Orleans,2026-08-03,1,2.0,1.5,1.532060007721609
SKU-073,Drone Battery Kit A,Drone,LOC-04,New Orleans,2026-08-10,1,1.0,1.25,2.1019075842264745
SKU-074,Drone Controller Kit A,Drone,LOC-01,Los Angeles,2026-06-08,2,4.0,2.0,1.3145675475609135
SKU-074,Drone Controller Kit A,Drone,LOC-01,Los Angeles,2026-06-15,1,2.0,2.5,1.2921626230744336
SKU-074,Drone Controller Kit A,Drone,LOC-01,Los Angeles,2026-06-22,1,1.0,2.25,0.7396873472843243
SKU-074,Drone Controller Kit A,Drone,LOC-01,Los Angeles,2026-06-29,2,1.0,2.0,0.767204956691358
SKU-074,Drone Controller Kit A,Drone,LOC-01,Los Angeles,2026-07-06,0,2.0,1.5,1.6794895922857038
SKU-074,Drone Controller Kit A,Drone,LOC-01,Los Angeles,2026-07-13,3,0.0,1.0,0.7160401157793135
SKU-074,Drone Controller Kit A,Drone,LOC-01,Los Angeles,2026-07-20,2,3.0,1.5,1.8504405502401855
SKU-074,Drone Controller Kit A,Drone,LOC-01,Los Angeles,2026-07-27,1,2.0,1.75,0.7017506575823704
SKU-074,Drone Controller Kit A,Drone,LOC-01,Los Angeles,2026-08-03,0,1.0,1.5,0.0382636516657593
SKU-074,Drone Controller Kit A,Drone,LOC-01,Los Angeles,2026-08-10,0,0.0,1.5,0.6670275883694389
SKU-074,Drone Controller Kit A,Drone,LOC-02,Atlanta,2026-06-08,0,2.0,1.25,2.870506730474605
SKU-074,Drone Controller Kit A,Drone,LOC-02,Atlanta,2026-06-15,3,0.0,1.25,1.1650913380919072
SKU-074,Drone Controller Kit A,Drone,LOC-02,Atlanta,2026-06-22,3,3.0,2.0,2.1020763126957798
SKU-074,Drone Controller Kit A,Drone,LOC-02,Atlanta,2026-06-29,0,3.0,2.0,1.143623981877122
SKU-074,Drone Controller Kit A,Drone,LOC-02,Atlanta,2026-07-06,3,0.0,1.5,2.4197232167579537
SKU-074,Drone Controller Kit A,Drone,LOC-02,Atlanta,2026-07-13,0,3.0,2.25,0.7170367209447093
SKU-074,Drone Controller Kit A,Drone,LOC-02,Atlanta,2026-07-20,4,0.0,1.5,2.412433211935148
SKU-074,Drone Controller Kit A,Drone,LOC-02,Atlanta,2026-07-27,0,4.0,1.75,1.260637783057623
SKU-074,Drone Controller Kit A,Drone,LOC-02,Atlanta,2026-08-03,1,0.0,1.75,1.3447636066155115
SKU-074,Drone Controller Kit A,Drone,LOC-02,Atlanta,2026-08-10,0,1.0,1.25,1.426418287224369
SKU-074,Drone Controller Kit A,Drone,LOC-03,New York,2026-06-08,0,0.0,0.5,0.5966998580222918
SKU-074,Drone Controller Kit A,Drone,LOC-03,New York,2026-06-15,1,0.0,0.25,1.3175958260356189
SKU-074,Drone Controller Kit A,Drone,LOC-03,New York,2026-06-22,1,1.0,0.25,0.6887364132859417
SKU-074,Drone Controller Kit A,Drone,LOC-03,New York,2026-06-29,3,1.0,0.5,1.844919499174598
SKU-074,Drone Controller Kit A,Drone,LOC-03,New York,2026-07-06,1,3.0,1.25,1.4686831145792951
SKU-074,Drone Controller Kit A,Drone,LOC-03,New York,2026-07-13,0,1.0,1.5,0.7254812303374152
SKU-074,Drone Controller Kit A,Drone,LOC-03,New York,2026-07-20,1,0.0,1.25,0.6325221979370599
SKU-074,Drone Controller Kit A,Drone,LOC-03,New York,2026-07-27,0,1.0,1.25,0.0289645832036615
SKU-074,Drone Controller Kit A,Drone,LOC-03,New York,2026-08-03,0,0.0,0.5,0.6780415265626542
SKU-074,Drone Controller Kit A,Drone,LOC-03,New York,2026-08-10,0,0.0,0.25,0.5572120761606034
SKU-074,Drone Controller Kit A,Drone,LOC-04,New Orleans,2026-06-08,2,0.0,0.75,1.805336806909185
SKU-074,Drone Controller Kit A,Drone,LOC-04,New Orleans,2026-06-15,2,2.0,1.0,1.6723657999499262
SKU-074,Drone Controller Kit A,Drone,LOC-04,New Orleans,2026-06-22,2,2.0,1.25,1.2145992274401136
SKU-074,Drone Controller Kit A,Drone,LOC-04,New Orleans,2026-06-29,0,2.0,1.5,0.054708251628442
SKU-074,Drone Controller Kit A,Drone,LOC-04,New Orleans,2026-07-06,1,0.0,1.5,1.9023667258033223
SKU-074,Drone Controller Kit A,Drone,LOC-04,New Orleans,2026-07-13,4,1.0,1.25,0.651888046674819
SKU-074,Drone Controller Kit A,Drone,LOC-04,New Orleans,2026-07-20,2,4.0,1.75,1.1720238349995828
SKU-074,Drone Controller Kit A,Drone,LOC-04,New Orleans,2026-07-27,0,2.0,1.75,1.2892353794011036
SKU-074,Drone Controller Kit A,Drone,LOC-04,New Orleans,2026-08-03,0,0.0,1.75,1.4349767243044331
SKU-074,Drone Controller Kit A,Drone,LOC-04,New Orleans,2026-08-10,1,0.0,1.5,1.4995676041581052
SKU-075,Compact Drone B,Drone,LOC-01,Los Angeles,2026-06-08,3,2.0,1.25,1.9370913903663456
SKU-075,Compact Drone B,Drone,LOC-01,Los Angeles,2026-06-15,2,3.0,1.75,1.7932359343219904
SKU-075,Compact Drone B,Drone,LOC-01,Los Angeles,2026-06-22,2,2.0,1.75,0.8777199104106431
SKU-075,Compact Drone B,Drone,LOC-01,Los Angeles,2026-06-29,1,2.0,2.25,1.0265713662982376
SKU-075,Compact Drone B,Drone,LOC-01,Los Angeles,2026-07-06,1,1.0,2.0,2.054619133746043
SKU-075,Compact Drone B,Drone,LOC-01,Los Angeles,2026-07-13,3,1.0,1.5,0.9668479633561112
SKU-075,Compact Drone B,Drone,LOC-01,Los Angeles,2026-07-20,8,3.0,1.75,2.822657867694619
SKU-075,Compact Drone B,Drone,LOC-01,Los Angeles,2026-07-27,0,8.0,3.25,0.7646401329434284
SKU-075,Compact Drone B,Drone,LOC-01,Los Angeles,2026-08-03,0,0.0,3.0,0.1107374975745842
SKU-075,Compact Drone B,Drone,LOC-01,Los Angeles,2026-08-10,2,0.0,2.75,0.8385569333026808
SKU-075,Compact Drone B,Drone,LOC-02,Atlanta,2026-06-08,1,3.0,2.5,3.3763683233943103
SKU-075,Compact Drone B,Drone,LOC-02,Atlanta,2026-06-15,5,1.0,2.5,2.5146813168205453
SKU-075,Compact Drone B,Drone,LOC-02,Atlanta,2026-06-22,5,5.0,3.0,3.3406533821243327
SKU-075,Compact Drone B,Drone,LOC-02,Atlanta,2026-06-29,2,5.0,3.5,2.695750047302044
SKU-075,Compact Drone B,Drone,LOC-02,Atlanta,2026-07-06,11,2.0,3.25,3.2807790882426957
SKU-075,Compact Drone B,Drone,LOC-02,Atlanta,2026-07-13,1,11.0,5.75,0.7068641555733168
SKU-075,Compact Drone B,Drone,LOC-02,Atlanta,2026-07-20,3,1.0,4.75,3.394384246496416
SKU-075,Compact Drone B,Drone,LOC-02,Atlanta,2026-07-27,3,3.0,4.25,1.9739465654175377
SKU-075,Compact Drone B,Drone,LOC-02,Atlanta,2026-08-03,3,3.0,4.5,1.9959567098275648
SKU-075,Compact Drone B,Drone,LOC-02,Atlanta,2026-08-10,0,3.0,2.5,2.7808323953474523
SKU-075,Compact Drone B,Drone,LOC-03,New York,2026-06-08,0,2.0,0.5,0.8175037957514611
SKU-075,Compact Drone B,Drone,LOC-03,New York,2026-06-15,7,0.0,0.5,2.4002872676390568
SKU-075,Compact Drone B,Drone,LOC-03,New York,2026-06-22,2,7.0,2.25,0.9666598948856332
SKU-075,Compact Drone B,Drone,LOC-03,New York,2026-06-29,5,2.0,2.75,3.209409546067549
SKU-075,Compact Drone B,Drone,LOC-03,New York,2026-07-06,5,5.0,3.5,2.4697651914373675
SKU-075,Compact Drone B,Drone,LOC-03,New York,2026-07-13,0,5.0,4.75,0.8008693999992768
SKU-075,Compact Drone B,Drone,LOC-03,New York,2026-07-20,0,0.0,3.0,0.787545636454865
SKU-075,Compact Drone B,Drone,LOC-03,New York,2026-07-27,0,0.0,2.5,0.0381205751355701
SKU-075,Compact Drone B,Drone,LOC-03,New York,2026-08-03,2,0.0,1.25,0.7899351761867912
SKU-075,Compact Drone B,Drone,LOC-03,New York,2026-08-10,0,2.0,0.5,0.7948421805478698
SKU-075,Compact Drone B,Drone,LOC-04,New Orleans,2026-06-08,2,0.0,1.5,2.998568390075456
SKU-075,Compact Drone B,Drone,LOC-04,New Orleans,2026-06-15,1,2.0,1.5,3.37174086903976
SKU-075,Compact Drone B,Drone,LOC-04,New Orleans,2026-06-22,0,1.0,0.75,2.177188959578899
SKU-075,Compact Drone B,Drone,LOC-04,New Orleans,2026-06-29,0,0.0,0.75,0.0824888070274721
SKU-075,Compact Drone B,Drone,LOC-04,New Orleans,2026-07-06,2,0.0,0.75,3.436285397252575
SKU-075,Compact Drone B,Drone,LOC-04,New Orleans,2026-07-13,0,2.0,0.75,0.8214155197417192
SKU-075,Compact Drone B,Drone,LOC-04,New Orleans,2026-07-20,1,0.0,0.5,1.525836898541911
SKU-075,Compact Drone B,Drone,LOC-04,New Orleans,2026-07-27,2,1.0,0.75,1.6392366207340123
SKU-075,Compact Drone B,Drone,LOC-04,New Orleans,2026-08-03,0,2.0,1.25,1.5283646516442082
SKU-075,Compact Drone B,Drone,LOC-04,New Orleans,2026-08-10,2,0.0,0.75,2.047065064277672
